<?xml version="1.0" encoding="utf-8"?>
<feed xmlns="http://www.w3.org/2005/Atom">
  <title>NexT</title>
  
  
  <link href="https://theme-next.js.org/atom.xml" rel="self"/>
  
  <link href="https://theme-next.js.org/"/>
  <updated>2024-10-10T02:57:20.729Z</updated>
  <id>https://theme-next.js.org/</id>
  
  <author>
    <name>John Doe</name>
    
  </author>
  
  <generator uri="https://hexo.io/">Hexo</generator>
  
  <entry>
    <title>NexT 8.20.0 Released</title>
    <link href="https://theme-next.js.org/next-8-20-0-released/"/>
    <id>https://theme-next.js.org/next-8-20-0-released/</id>
    <published>2024-05-01T13:18:37.000Z</published>
    <updated>2024-10-10T02:57:20.729Z</updated>
    
    <content type="html"><![CDATA[<!-- Release notes generated using configuration in .github/release.yml at v8.20.0 --><h2 id="What-s-Changed"><a href="#What-s-Changed" class="headerlink" title="What&#39;s Changed"></a>What&#39;s Changed</h2><h3 id="💥-Breaking-Changes"><a href="#💥-Breaking-Changes" class="headerlink" title="💥 Breaking Changes"></a>💥 Breaking Changes</h3><ul><li>Feature: display sidebar on mobile for Pisces and Gemini by @triccsr in <span class="exturl" data-url="aHR0cHM6Ly9naXRodWIuY29tL25leHQtdGhlbWUvaGV4by10aGVtZS1uZXh0L3B1bGwvNzEw">https://github.com/next-theme/hexo-theme-next/pull/710<i class="fa fa-external-link-alt"></i></span><figure class="highlight diff"><table><tr><td class="code"><pre><span class="line">sidebar:</span><br><span class="line"><span class="deletion">-  # Manual define the sidebar width. If commented, will be default for:</span></span><br><span class="line"><span class="deletion">-  # Muse | Mist: 320</span></span><br><span class="line"><span class="deletion">-  # Pisces | Gemini: 240</span></span><br><span class="line"><span class="deletion">-  #width: 300</span></span><br><span class="line"><span class="addition">+  # Sidebar width.</span></span><br><span class="line"><span class="addition">+  # Applicable to Muse | Mist and mobile of Pisces | Gemini.</span></span><br><span class="line"><span class="addition">+  width_expanded: 320</span></span><br><span class="line"><span class="addition">+  # Applicable to desktop of Pisces | Gemini.</span></span><br><span class="line"><span class="addition">+  width_dual_column: 240</span></span><br></pre></td></tr></table></figure></li></ul><h3 id="🌟-New-Features"><a href="#🌟-New-Features" class="headerlink" title="🌟 New Features"></a>🌟 New Features</h3><ul><li>Add post_count helper (<span class="exturl" data-url="aHR0cHM6Ly9naXRodWIuY29tL25leHQtdGhlbWUvaGV4by10aGVtZS1uZXh0L2NvbW1pdC8yNmQ2ODJjZmEyOGE1Nzk2ZmQwYzkzODE0ODBiYmM0MDA1NmNhMmY2">26d682c<i class="fa fa-external-link-alt"></i></span>)</li><li>Support for hiding page header (<span class="exturl" data-url="aHR0cHM6Ly9naXRodWIuY29tL25leHQtdGhlbWUvaGV4by10aGVtZS1uZXh0L2NvbW1pdC9jYTBlNmYwYTBlMGM1ZjQwNTQ1MjhiNTAwMWMzODk1NmVkNjdhMmFh">ca0e6f0<i class="fa fa-external-link-alt"></i></span>)</li><li>Add link posts feature (<span class="exturl" data-url="aHR0cHM6Ly9naXRodWIuY29tL25leHQtdGhlbWUvaGV4by10aGVtZS1uZXh0L2NvbW1pdC80Y2JhMmEzYzQ0MDNkNjkyYTMyZmE5YWQ2NTM2YTE1NjFhNzViYjRk">4cba2a3<i class="fa fa-external-link-alt"></i></span>)</li></ul><h3 id="🐞-Bug-Fixes"><a href="#🐞-Bug-Fixes" class="headerlink" title="🐞 Bug Fixes"></a>🐞 Bug Fixes</h3><ul><li>Fix utterances&#x2F;giscus with pjax by @wangjiezhe in <span class="exturl" data-url="aHR0cHM6Ly9naXRodWIuY29tL25leHQtdGhlbWUvaGV4by10aGVtZS1uZXh0L3B1bGwvNzc5">https://github.com/next-theme/hexo-theme-next/pull/779<i class="fa fa-external-link-alt"></i></span></li><li>Fix undefind in group-pictures (<span class="exturl" data-url="aHR0cHM6Ly9naXRodWIuY29tL25leHQtdGhlbWUvaGV4by10aGVtZS1uZXh0L2NvbW1pdC8yMTk1YjAxZDhjNjEyM2YxYzcxZTAyNzQxNjE0YWMwZGJjNWUwNjA5">2195b01<i class="fa fa-external-link-alt"></i></span>)</li></ul><h3 id="🛠-Improvements"><a href="#🛠-Improvements" class="headerlink" title="🛠 Improvements"></a>🛠 Improvements</h3><ul><li>Reorder sidebar animation (<span class="exturl" data-url="aHR0cHM6Ly9naXRodWIuY29tL25leHQtdGhlbWUvaGV4by10aGVtZS1uZXh0L2NvbW1pdC9mNzAxNGQzZjE2MzBkMzA1NzZmMmZkZjVmNGRhMTgyZWY4NzU5NjEy">f7014d3<i class="fa fa-external-link-alt"></i></span>)</li><li>Update .category-list-count style (<span class="exturl" data-url="aHR0cHM6Ly9naXRodWIuY29tL25leHQtdGhlbWUvaGV4by10aGVtZS1uZXh0L2NvbW1pdC8zZDM0YTExNjNmZWUwNzM5ZTFhZmMyODU5NmVmN2ZkMWQ2Yzg0M2Zm">3d34a11<i class="fa fa-external-link-alt"></i></span>)</li><li>Refactor .menu-item style (<span class="exturl" data-url="aHR0cHM6Ly9naXRodWIuY29tL25leHQtdGhlbWUvaGV4by10aGVtZS1uZXh0L2NvbW1pdC82YmY5N2Y2ZTQ5ZmRlNjc3OWY1YTQ2ZTA2NGIyZTI1MmNhZjQyYmEw">6bf97f6<i class="fa fa-external-link-alt"></i></span>)</li></ul><h3 id="🌀-External-Changes"><a href="#🌀-External-Changes" class="headerlink" title="🌀 External Changes"></a>🌀 External Changes</h3><ul><li>Update dependency stylelint to v16.4.0 by @renovate in <span class="exturl" data-url="aHR0cHM6Ly9naXRodWIuY29tL25leHQtdGhlbWUvaGV4by10aGVtZS1uZXh0L3B1bGwvNzc0">https://github.com/next-theme/hexo-theme-next/pull/774<i class="fa fa-external-link-alt"></i></span></li><li>Update dependency mocha to v10.4.0 by @renovate in <span class="exturl" data-url="aHR0cHM6Ly9naXRodWIuY29tL25leHQtdGhlbWUvaGV4by10aGVtZS1uZXh0L3B1bGwvNzc2">https://github.com/next-theme/hexo-theme-next/pull/776<i class="fa fa-external-link-alt"></i></span></li><li>Update dependency hexo-renderer-marked to v6.3.0 by @renovate in <span class="exturl" data-url="aHR0cHM6Ly9naXRodWIuY29tL25leHQtdGhlbWUvaGV4by10aGVtZS1uZXh0L3B1bGwvNzgx">https://github.com/next-theme/hexo-theme-next/pull/781<i class="fa fa-external-link-alt"></i></span></li><li>Update dependency eslint to v9 by @renovate in <span class="exturl" data-url="aHR0cHM6Ly9naXRodWIuY29tL25leHQtdGhlbWUvaGV4by10aGVtZS1uZXh0L3B1bGwvNzgz">https://github.com/next-theme/hexo-theme-next/pull/783<i class="fa fa-external-link-alt"></i></span></li><li>Update dependency hexo to v7.2.0 by @renovate in <span class="exturl" data-url="aHR0cHM6Ly9naXRodWIuY29tL25leHQtdGhlbWUvaGV4by10aGVtZS1uZXh0L3B1bGwvNzkw">https://github.com/next-theme/hexo-theme-next/pull/790<i class="fa fa-external-link-alt"></i></span></li></ul><h3 id="📖-Documentation"><a href="#📖-Documentation" class="headerlink" title="📖 Documentation"></a>📖 Documentation</h3><ul><li>Remove dollar signs before commands (<span class="exturl" data-url="aHR0cHM6Ly9naXRodWIuY29tL25leHQtdGhlbWUvaGV4by10aGVtZS1uZXh0L2NvbW1pdC9jZDFhMDgyNzk1MjQ5ZmYyMjJlZjk1Mzg5NzU3M2U3MDU5MjU1YzQw">cd1a082<i class="fa fa-external-link-alt"></i></span>)</li></ul><h2 id="New-Contributors"><a href="#New-Contributors" class="headerlink" title="New Contributors"></a>New Contributors</h2><ul><li>@wangjiezhe made their first contribution in <span class="exturl" data-url="aHR0cHM6Ly9naXRodWIuY29tL25leHQtdGhlbWUvaGV4by10aGVtZS1uZXh0L3B1bGwvNzc5">https://github.com/next-theme/hexo-theme-next/pull/779<i class="fa fa-external-link-alt"></i></span></li><li>@triccsr made their first contribution in <span class="exturl" data-url="aHR0cHM6Ly9naXRodWIuY29tL25leHQtdGhlbWUvaGV4by10aGVtZS1uZXh0L3B1bGwvNzEw">https://github.com/next-theme/hexo-theme-next/pull/710<i class="fa fa-external-link-alt"></i></span></li></ul><p><strong>Full Changelog</strong>: <span class="exturl" data-url="aHR0cHM6Ly9naXRodWIuY29tL25leHQtdGhlbWUvaGV4by10aGVtZS1uZXh0L2NvbXBhcmUvdjguMTkuMi4uLnY4LjIwLjA=">https://github.com/next-theme/hexo-theme-next/compare/v8.19.2...v8.20.0<i class="fa fa-external-link-alt"></i></span></p><p><span class="exturl" data-url="aHR0cHM6Ly9naXRodWIuY29tL25leHQtdGhlbWUvaGV4by10aGVtZS1uZXh0L3JlbGVhc2VzL3RhZy92OC4yMC4w">Detailed changes for NexT v8.20.0<i class="fa fa-external-link-alt"></i></span></p>]]></content>
    
    
      
      
    <summary type="html">&lt;!-- Release notes generated using configuration in .github/release.yml at v8.20.0 --&gt;

&lt;h2 id=&quot;What-s-Changed&quot;&gt;&lt;a href=&quot;#What-s-Changed&quot; cl</summary>
      
    
    
    
    
  </entry>
  
  <entry>
    <title>NexT 8.19.2 Released</title>
    <link href="https://theme-next.js.org/next-8-19-2-released/"/>
    <id>https://theme-next.js.org/next-8-19-2-released/</id>
    <published>2024-03-04T10:40:32.000Z</published>
    <updated>2024-10-10T02:57:20.729Z</updated>
    
    <content type="html"><![CDATA[<!-- Release notes generated using configuration in .github/release.yml at v8.19.2 --><h2 id="What-s-Changed"><a href="#What-s-Changed" class="headerlink" title="What&#39;s Changed"></a>What&#39;s Changed</h2><h3 id="🛠-Improvements"><a href="#🛠-Improvements" class="headerlink" title="🛠 Improvements"></a>🛠 Improvements</h3><ul><li>Adapt to Hexo 7 highlight settings (<span class="exturl" data-url="aHR0cHM6Ly9naXRodWIuY29tL25leHQtdGhlbWUvaGV4by10aGVtZS1uZXh0L2NvbW1pdC8yNjllYWUzNGM0MTViYzI1M2NlZmIyY2I3YjQwOTEyN2E3ZGU5NDRl">269eae3<i class="fa fa-external-link-alt"></i></span>)</li><li>Add notranslate to prevent translating code by @maple3142 in <span class="exturl" data-url="aHR0cHM6Ly9naXRodWIuY29tL25leHQtdGhlbWUvaGV4by10aGVtZS1uZXh0L3B1bGwvNzY5">https://github.com/next-theme/hexo-theme-next/pull/769<i class="fa fa-external-link-alt"></i></span></li></ul><h3 id="🌀-External-Changes"><a href="#🌀-External-Changes" class="headerlink" title="🌀 External Changes"></a>🌀 External Changes</h3><ul><li>Update actions&#x2F;setup-python action to v5 by @renovate in <span class="exturl" data-url="aHR0cHM6Ly9naXRodWIuY29tL25leHQtdGhlbWUvaGV4by10aGVtZS1uZXh0L3B1bGwvNzMy">https://github.com/next-theme/hexo-theme-next/pull/732<i class="fa fa-external-link-alt"></i></span></li><li>Update dependency stylelint-stylus to v1 by @renovate in <span class="exturl" data-url="aHR0cHM6Ly9naXRodWIuY29tL25leHQtdGhlbWUvaGV4by10aGVtZS1uZXh0L3B1bGwvNzM3">https://github.com/next-theme/hexo-theme-next/pull/737<i class="fa fa-external-link-alt"></i></span></li><li>Update dependency stylelint to v16 by @renovate in <span class="exturl" data-url="aHR0cHM6Ly9naXRodWIuY29tL25leHQtdGhlbWUvaGV4by10aGVtZS1uZXh0L3B1bGwvNzM1">https://github.com/next-theme/hexo-theme-next/pull/735<i class="fa fa-external-link-alt"></i></span></li><li>Update github&#x2F;codeql-action action to v3 - autoclosed by @renovate in <span class="exturl" data-url="aHR0cHM6Ly9naXRodWIuY29tL25leHQtdGhlbWUvaGV4by10aGVtZS1uZXh0L3B1bGwvNzM5">https://github.com/next-theme/hexo-theme-next/pull/739<i class="fa fa-external-link-alt"></i></span></li><li>Update dependency c8 to v9 by @renovate in <span class="exturl" data-url="aHR0cHM6Ly9naXRodWIuY29tL25leHQtdGhlbWUvaGV4by10aGVtZS1uZXh0L3B1bGwvNzQ1">https://github.com/next-theme/hexo-theme-next/pull/745<i class="fa fa-external-link-alt"></i></span></li><li>Update dependency chai to v4.4.1 by @renovate in <span class="exturl" data-url="aHR0cHM6Ly9naXRodWIuY29tL25leHQtdGhlbWUvaGV4by10aGVtZS1uZXh0L3B1bGwvNzQ4">https://github.com/next-theme/hexo-theme-next/pull/748<i class="fa fa-external-link-alt"></i></span></li><li>Update dependency hexo to v7.1.1 by @renovate in <span class="exturl" data-url="aHR0cHM6Ly9naXRodWIuY29tL25leHQtdGhlbWUvaGV4by10aGVtZS1uZXh0L3B1bGwvNzU3">https://github.com/next-theme/hexo-theme-next/pull/757<i class="fa fa-external-link-alt"></i></span></li><li>Update dependency mocha to v10.3.0 by @renovate in <span class="exturl" data-url="aHR0cHM6Ly9naXRodWIuY29tL25leHQtdGhlbWUvaGV4by10aGVtZS1uZXh0L3B1bGwvNzY0">https://github.com/next-theme/hexo-theme-next/pull/764<i class="fa fa-external-link-alt"></i></span></li></ul><p><strong>Full Changelog</strong>: <span class="exturl" data-url="aHR0cHM6Ly9naXRodWIuY29tL25leHQtdGhlbWUvaGV4by10aGVtZS1uZXh0L2NvbXBhcmUvdjguMTkuMS4uLnY4LjE5LjI=">https://github.com/next-theme/hexo-theme-next/compare/v8.19.1...v8.19.2<i class="fa fa-external-link-alt"></i></span></p><p><span class="exturl" data-url="aHR0cHM6Ly9naXRodWIuY29tL25leHQtdGhlbWUvaGV4by10aGVtZS1uZXh0L3JlbGVhc2VzL3RhZy92OC4xOS4y">Detailed changes for NexT v8.19.2<i class="fa fa-external-link-alt"></i></span></p>]]></content>
    
    
      
      
    <summary type="html">&lt;!-- Release notes generated using configuration in .github/release.yml at v8.19.2 --&gt;

&lt;h2 id=&quot;What-s-Changed&quot;&gt;&lt;a href=&quot;#What-s-Changed&quot; cl</summary>
      
    
    
    
    
  </entry>
  
  <entry>
    <title>NexT 8.19.1 Released</title>
    <link href="https://theme-next.js.org/next-8-19-1-released/"/>
    <id>https://theme-next.js.org/next-8-19-1-released/</id>
    <published>2024-03-04T10:39:33.000Z</published>
    <updated>2024-10-10T02:57:20.729Z</updated>
    
    <content type="html"><![CDATA[<!-- Release notes generated using configuration in .github/release.yml at v8.19.1 --><h2 id="What-s-Changed"><a href="#What-s-Changed" class="headerlink" title="What&#39;s Changed"></a>What&#39;s Changed</h2><h3 id="🌀-External-Changes"><a href="#🌀-External-Changes" class="headerlink" title="🌀 External Changes"></a>🌀 External Changes</h3><ul><li>Roll back animejs version (<span class="exturl" data-url="aHR0cHM6Ly9naXRodWIuY29tL25leHQtdGhlbWUvaGV4by10aGVtZS1uZXh0L2NvbW1pdC9jMzIwNjZhZTFhZTkwZTE4ZTQ2ZGIwZjY3MmE5ZWEyNjc1Njk1NmM1">c32066a<i class="fa fa-external-link-alt"></i></span>)</li><li>Update actions&#x2F;labeler action to v5 by @renovate in <span class="exturl" data-url="aHR0cHM6Ly9naXRodWIuY29tL25leHQtdGhlbWUvaGV4by10aGVtZS1uZXh0L3B1bGwvNzMw">https://github.com/next-theme/hexo-theme-next/pull/730<i class="fa fa-external-link-alt"></i></span></li></ul><p><strong>Full Changelog</strong>: <span class="exturl" data-url="aHR0cHM6Ly9naXRodWIuY29tL25leHQtdGhlbWUvaGV4by10aGVtZS1uZXh0L2NvbXBhcmUvdjguMTkuMC4uLnY4LjE5LjE=">https://github.com/next-theme/hexo-theme-next/compare/v8.19.0...v8.19.1<i class="fa fa-external-link-alt"></i></span></p><p><span class="exturl" data-url="aHR0cHM6Ly9naXRodWIuY29tL25leHQtdGhlbWUvaGV4by10aGVtZS1uZXh0L3JlbGVhc2VzL3RhZy92OC4xOS4x">Detailed changes for NexT v8.19.1<i class="fa fa-external-link-alt"></i></span></p>]]></content>
    
    
      
      
    <summary type="html">&lt;!-- Release notes generated using configuration in .github/release.yml at v8.19.1 --&gt;

&lt;h2 id=&quot;What-s-Changed&quot;&gt;&lt;a href=&quot;#What-s-Changed&quot; cl</summary>
      
    
    
    
    
  </entry>
  
  <entry>
    <title>NexT 8.19.0 Released</title>
    <link href="https://theme-next.js.org/next-8-19-0-released/"/>
    <id>https://theme-next.js.org/next-8-19-0-released/</id>
    <published>2023-12-02T16:14:14.000Z</published>
    <updated>2024-10-10T02:57:20.729Z</updated>
    
    <content type="html"><![CDATA[<!-- Release notes generated using configuration in .github/release.yml at v8.19.0 --><h2 id="What-s-Changed"><a href="#What-s-Changed" class="headerlink" title="What&#39;s Changed"></a>What&#39;s Changed</h2><h3 id="⭐-Features"><a href="#⭐-Features" class="headerlink" title="⭐ Features"></a>⭐ Features</h3><ul><li>Update Google Analytics only_pageview mode to GA4 by @maple3142 in <span class="exturl" data-url="aHR0cHM6Ly9naXRodWIuY29tL25leHQtdGhlbWUvaGV4by10aGVtZS1uZXh0L3B1bGwvNjQ5">https://github.com/next-theme/hexo-theme-next/pull/649<i class="fa fa-external-link-alt"></i></span></li><li>Update beian URL by @Leao9203 in <span class="exturl" data-url="aHR0cHM6Ly9naXRodWIuY29tL25leHQtdGhlbWUvaGV4by10aGVtZS1uZXh0L3B1bGwvNzIz">https://github.com/next-theme/hexo-theme-next/pull/723<i class="fa fa-external-link-alt"></i></span></li></ul><h3 id="🌀-External-Changes"><a href="#🌀-External-Changes" class="headerlink" title="🌀 External Changes"></a>🌀 External Changes</h3><ul><li>Update actions&#x2F;checkout action to v4 by @renovate in <span class="exturl" data-url="aHR0cHM6Ly9naXRodWIuY29tL25leHQtdGhlbWUvaGV4by10aGVtZS1uZXh0L3B1bGwvNjk3">https://github.com/next-theme/hexo-theme-next/pull/697<i class="fa fa-external-link-alt"></i></span></li><li>Update dependency stylelint to v15.11.0 by @renovate in <span class="exturl" data-url="aHR0cHM6Ly9naXRodWIuY29tL25leHQtdGhlbWUvaGV4by10aGVtZS1uZXh0L3B1bGwvNzA5">https://github.com/next-theme/hexo-theme-next/pull/709<i class="fa fa-external-link-alt"></i></span></li><li>Update dependency eslint to v8.55.0 by @renovate in <span class="exturl" data-url="aHR0cHM6Ly9naXRodWIuY29tL25leHQtdGhlbWUvaGV4by10aGVtZS1uZXh0L3B1bGwvNzEx">https://github.com/next-theme/hexo-theme-next/pull/711<i class="fa fa-external-link-alt"></i></span></li><li>Update actions&#x2F;setup-node action to v4 by @renovate in <span class="exturl" data-url="aHR0cHM6Ly9naXRodWIuY29tL25leHQtdGhlbWUvaGV4by10aGVtZS1uZXh0L3B1bGwvNzEz">https://github.com/next-theme/hexo-theme-next/pull/713<i class="fa fa-external-link-alt"></i></span></li><li>Update dependency hexo to v7 by @renovate in <span class="exturl" data-url="aHR0cHM6Ly9naXRodWIuY29tL25leHQtdGhlbWUvaGV4by10aGVtZS1uZXh0L3B1bGwvNzE1">https://github.com/next-theme/hexo-theme-next/pull/715<i class="fa fa-external-link-alt"></i></span></li><li>Update dessant&#x2F;lock-threads action to v5 by @renovate in <span class="exturl" data-url="aHR0cHM6Ly9naXRodWIuY29tL25leHQtdGhlbWUvaGV4by10aGVtZS1uZXh0L3B1bGwvNzE4">https://github.com/next-theme/hexo-theme-next/pull/718<i class="fa fa-external-link-alt"></i></span></li><li>Update dependency hexo-renderer-marked to v6.2.0 by @renovate in <span class="exturl" data-url="aHR0cHM6Ly9naXRodWIuY29tL25leHQtdGhlbWUvaGV4by10aGVtZS1uZXh0L3B1bGwvNzI2">https://github.com/next-theme/hexo-theme-next/pull/726<i class="fa fa-external-link-alt"></i></span></li></ul><h2 id="New-Contributors"><a href="#New-Contributors" class="headerlink" title="New Contributors"></a>New Contributors</h2><ul><li>@maple3142 made their first contribution in <span class="exturl" data-url="aHR0cHM6Ly9naXRodWIuY29tL25leHQtdGhlbWUvaGV4by10aGVtZS1uZXh0L3B1bGwvNjQ5">https://github.com/next-theme/hexo-theme-next/pull/649<i class="fa fa-external-link-alt"></i></span></li><li>@Leao9203 made their first contribution in <span class="exturl" data-url="aHR0cHM6Ly9naXRodWIuY29tL25leHQtdGhlbWUvaGV4by10aGVtZS1uZXh0L3B1bGwvNzIz">https://github.com/next-theme/hexo-theme-next/pull/723<i class="fa fa-external-link-alt"></i></span></li></ul><p><strong>Full Changelog</strong>: <span class="exturl" data-url="aHR0cHM6Ly9naXRodWIuY29tL25leHQtdGhlbWUvaGV4by10aGVtZS1uZXh0L2NvbXBhcmUvdjguMTguMi4uLnY4LjE5LjA=">https://github.com/next-theme/hexo-theme-next/compare/v8.18.2...v8.19.0<i class="fa fa-external-link-alt"></i></span></p><p><span class="exturl" data-url="aHR0cHM6Ly9naXRodWIuY29tL25leHQtdGhlbWUvaGV4by10aGVtZS1uZXh0L3JlbGVhc2VzL3RhZy92OC4xOS4w">Detailed changes for NexT v8.19.0<i class="fa fa-external-link-alt"></i></span></p>]]></content>
    
    
      
      
    <summary type="html">&lt;!-- Release notes generated using configuration in .github/release.yml at v8.19.0 --&gt;

&lt;h2 id=&quot;What-s-Changed&quot;&gt;&lt;a href=&quot;#What-s-Changed&quot; cl</summary>
      
    
    
    
    
  </entry>
  
  <entry>
    <title>NexT 8.18.2 Released</title>
    <link href="https://theme-next.js.org/next-8-18-2-released/"/>
    <id>https://theme-next.js.org/next-8-18-2-released/</id>
    <published>2023-10-09T16:01:58.000Z</published>
    <updated>2024-10-10T02:57:20.729Z</updated>
    
    <content type="html"><![CDATA[<!-- Release notes generated using configuration in .github/release.yml at v8.18.2 --><h2 id="What-s-Changed"><a href="#What-s-Changed" class="headerlink" title="What&#39;s Changed"></a>What&#39;s Changed</h2><h3 id="🌀-External-Changes"><a href="#🌀-External-Changes" class="headerlink" title="🌀 External Changes"></a>🌀 External Changes</h3><ul><li>Update dependency eslint to v8.51.0 by @renovate in <span class="exturl" data-url="aHR0cHM6Ly9naXRodWIuY29tL25leHQtdGhlbWUvaGV4by10aGVtZS1uZXh0L3B1bGwvNjk4">https://github.com/next-theme/hexo-theme-next/pull/698<i class="fa fa-external-link-alt"></i></span></li><li>Update dependency chai to v4.3.10 by @renovate in <span class="exturl" data-url="aHR0cHM6Ly9naXRodWIuY29tL25leHQtdGhlbWUvaGV4by10aGVtZS1uZXh0L3B1bGwvNzAx">https://github.com/next-theme/hexo-theme-next/pull/701<i class="fa fa-external-link-alt"></i></span></li></ul><h3 id="🌍-Localization"><a href="#🌍-Localization" class="headerlink" title="🌍 Localization"></a>🌍 Localization</h3><ul><li>New Crowdin updates by @stevenjoezhang in <span class="exturl" data-url="aHR0cHM6Ly9naXRodWIuY29tL25leHQtdGhlbWUvaGV4by10aGVtZS1uZXh0L3B1bGwvNzAz">https://github.com/next-theme/hexo-theme-next/pull/703<i class="fa fa-external-link-alt"></i></span></li></ul><p><strong>Full Changelog</strong>: <span class="exturl" data-url="aHR0cHM6Ly9naXRodWIuY29tL25leHQtdGhlbWUvaGV4by10aGVtZS1uZXh0L2NvbXBhcmUvdjguMTguMS4uLnY4LjE4LjI=">https://github.com/next-theme/hexo-theme-next/compare/v8.18.1...v8.18.2<i class="fa fa-external-link-alt"></i></span></p><p><span class="exturl" data-url="aHR0cHM6Ly9naXRodWIuY29tL25leHQtdGhlbWUvaGV4by10aGVtZS1uZXh0L3JlbGVhc2VzL3RhZy92OC4xOC4y">Detailed changes for NexT v8.18.2<i class="fa fa-external-link-alt"></i></span></p>]]></content>
    
    
      
      
    <summary type="html">&lt;!-- Release notes generated using configuration in .github/release.yml at v8.18.2 --&gt;

&lt;h2 id=&quot;What-s-Changed&quot;&gt;&lt;a href=&quot;#What-s-Changed&quot; cl</summary>
      
    
    
    
    
  </entry>
  
  <entry>
    <title>NexT 8.18.1 Released</title>
    <link href="https://theme-next.js.org/next-8-18-1-released/"/>
    <id>https://theme-next.js.org/next-8-18-1-released/</id>
    <published>2023-10-09T15:43:08.000Z</published>
    <updated>2024-10-10T02:57:20.728Z</updated>
    
    <content type="html"><![CDATA[<!-- Release notes generated using configuration in .github/release.yml at v8.18.1 --><h2 id="What-s-Changed"><a href="#What-s-Changed" class="headerlink" title="What&#39;s Changed"></a>What&#39;s Changed</h2><h3 id="🛠-Improvements"><a href="#🛠-Improvements" class="headerlink" title="🛠 Improvements"></a>🛠 Improvements</h3><ul><li>Support folding code blocks in tabs by @PeichengLiu in <span class="exturl" data-url="aHR0cHM6Ly9naXRodWIuY29tL25leHQtdGhlbWUvaGV4by10aGVtZS1uZXh0L3B1bGwvNjk0">https://github.com/next-theme/hexo-theme-next/pull/694<i class="fa fa-external-link-alt"></i></span></li></ul><h3 id="🌀-External-Changes"><a href="#🌀-External-Changes" class="headerlink" title="🌀 External Changes"></a>🌀 External Changes</h3><ul><li>Update dependency eslint to v8.48.0 by @renovate in <span class="exturl" data-url="aHR0cHM6Ly9naXRodWIuY29tL25leHQtdGhlbWUvaGV4by10aGVtZS1uZXh0L3B1bGwvNjg1">https://github.com/next-theme/hexo-theme-next/pull/685<i class="fa fa-external-link-alt"></i></span></li><li>Update dependency stylelint to v15.10.3 by @renovate in <span class="exturl" data-url="aHR0cHM6Ly9naXRodWIuY29tL25leHQtdGhlbWUvaGV4by10aGVtZS1uZXh0L3B1bGwvNjg4">https://github.com/next-theme/hexo-theme-next/pull/688<i class="fa fa-external-link-alt"></i></span></li><li>Update dependency chai to v4.3.8 by @renovate in <span class="exturl" data-url="aHR0cHM6Ly9naXRodWIuY29tL25leHQtdGhlbWUvaGV4by10aGVtZS1uZXh0L3B1bGwvNjk1">https://github.com/next-theme/hexo-theme-next/pull/695<i class="fa fa-external-link-alt"></i></span></li></ul><h2 id="New-Contributors"><a href="#New-Contributors" class="headerlink" title="New Contributors"></a>New Contributors</h2><ul><li>@PeichengLiu made their first contribution in <span class="exturl" data-url="aHR0cHM6Ly9naXRodWIuY29tL25leHQtdGhlbWUvaGV4by10aGVtZS1uZXh0L3B1bGwvNjk0">https://github.com/next-theme/hexo-theme-next/pull/694<i class="fa fa-external-link-alt"></i></span></li></ul><p><strong>Full Changelog</strong>: <span class="exturl" data-url="aHR0cHM6Ly9naXRodWIuY29tL25leHQtdGhlbWUvaGV4by10aGVtZS1uZXh0L2NvbXBhcmUvdjguMTguMC4uLnY4LjE4LjE=">https://github.com/next-theme/hexo-theme-next/compare/v8.18.0...v8.18.1<i class="fa fa-external-link-alt"></i></span></p><p><span class="exturl" data-url="aHR0cHM6Ly9naXRodWIuY29tL25leHQtdGhlbWUvaGV4by10aGVtZS1uZXh0L3JlbGVhc2VzL3RhZy92OC4xOC4x">Detailed changes for NexT v8.18.1<i class="fa fa-external-link-alt"></i></span></p>]]></content>
    
    
      
      
    <summary type="html">&lt;!-- Release notes generated using configuration in .github/release.yml at v8.18.1 --&gt;

&lt;h2 id=&quot;What-s-Changed&quot;&gt;&lt;a href=&quot;#What-s-Changed&quot; cl</summary>
      
    
    
    
    
  </entry>
  
  <entry>
    <title>NexT 8.18.0 Released</title>
    <link href="https://theme-next.js.org/next-8-18-0-released/"/>
    <id>https://theme-next.js.org/next-8-18-0-released/</id>
    <published>2023-08-02T07:57:06.000Z</published>
    <updated>2024-10-10T02:57:20.728Z</updated>
    
    <content type="html"><![CDATA[<!-- Release notes generated using configuration in .github/release.yml at v8.18.0 --><h2 id="What-s-Changed"><a href="#What-s-Changed" class="headerlink" title="What&#39;s Changed"></a>What&#39;s Changed</h2><h3 id="💥-Breaking-Changes"><a href="#💥-Breaking-Changes" class="headerlink" title="💥 Breaking Changes"></a>💥 Breaking Changes</h3><ul><li>Upgrade to fancybox 5 by @stevenjoezhang in <span class="exturl" data-url="aHR0cHM6Ly9naXRodWIuY29tL25leHQtdGhlbWUvaGV4by10aGVtZS1uZXh0L3B1bGwvNjc3">https://github.com/next-theme/hexo-theme-next/pull/677<i class="fa fa-external-link-alt"></i></span></li></ul><h3 id="🌟-New-Features"><a href="#🌟-New-Features" class="headerlink" title="🌟 New Features"></a>🌟 New Features</h3><ul><li>Support folding code blocks by @stevenjoezhang in <span class="exturl" data-url="aHR0cHM6Ly9naXRodWIuY29tL25leHQtdGhlbWUvaGV4by10aGVtZS1uZXh0L3B1bGwvNjc5">https://github.com/next-theme/hexo-theme-next/pull/679<i class="fa fa-external-link-alt"></i></span><figure class="highlight diff"><table><tr><td class="code"><pre><span class="line">codeblock:</span><br><span class="line"><span class="addition">+  # Fold code block</span></span><br><span class="line"><span class="addition">+  fold:</span></span><br><span class="line"><span class="addition">+    enable: false</span></span><br><span class="line"><span class="addition">+    height: 500</span></span><br></pre></td></tr></table></figure></li></ul><h3 id="⭐-Features"><a href="#⭐-Features" class="headerlink" title="⭐ Features"></a>⭐ Features</h3><ul><li>Remove gitter support (<span class="exturl" data-url="aHR0cHM6Ly9naXRodWIuY29tL25leHQtdGhlbWUvaGV4by10aGVtZS1uZXh0L2NvbW1pdC8yMjNlYTE5OWYzOGViYTQ4ZmM3MGMzZDI4YTBhMDU4MDk5NDhjODc3">223ea19<i class="fa fa-external-link-alt"></i></span>)<figure class="highlight diff"><table><tr><td class="code"><pre><span class="line"><span class="deletion">-# Gitter is a chat and networking platform.</span></span><br><span class="line"><span class="deletion">-# For more information: https://gitter.im</span></span><br><span class="line"><span class="deletion">-gitter:</span></span><br><span class="line"><span class="deletion">-  enable: false</span></span><br><span class="line"><span class="deletion">-  room:</span></span><br></pre></td></tr></table></figure></li><li>Remove link posts feature (<span class="exturl" data-url="aHR0cHM6Ly9naXRodWIuY29tL25leHQtdGhlbWUvaGV4by10aGVtZS1uZXh0L2NvbW1pdC9hMjQ0NTBkOWNmYzZhNmY3ZTVmNmRkZmFiZDYxNjdmYjZjMDg1N2Q5">a24450d<i class="fa fa-external-link-alt"></i></span>)</li></ul><h3 id="🐞-Bug-Fixes"><a href="#🐞-Bug-Fixes" class="headerlink" title="🐞 Bug Fixes"></a>🐞 Bug Fixes</h3><ul><li>Fix next_url: add new option to decodeURI (<span class="exturl" data-url="aHR0cHM6Ly9naXRodWIuY29tL25leHQtdGhlbWUvaGV4by10aGVtZS1uZXh0L2NvbW1pdC9iODUyMDFiOWI4NzFlYzA5MDI3NGY4MmQwODUxMjg1ZWI2NTUyYzQz">b85201b<i class="fa fa-external-link-alt"></i></span>)</li></ul><h3 id="🛠-Improvements"><a href="#🛠-Improvements" class="headerlink" title="🛠 Improvements"></a>🛠 Improvements</h3><ul><li>Update fa CSS selector (<span class="exturl" data-url="aHR0cHM6Ly9naXRodWIuY29tL25leHQtdGhlbWUvaGV4by10aGVtZS1uZXh0L2NvbW1pdC8wNjI0MTQ5YjA1NWIxOGZlNmE0NThmOTQwYmZlNTg3MGZiOGYyYmMz">0624149<i class="fa fa-external-link-alt"></i></span>)</li><li>Create code-container element (<span class="exturl" data-url="aHR0cHM6Ly9naXRodWIuY29tL25leHQtdGhlbWUvaGV4by10aGVtZS1uZXh0L2NvbW1pdC9jNTk2MTU1ZWY5NTZkZWYwMWE0YTczOWZhYWI2ZWYxNmQyNmZmYjM2">c596155<i class="fa fa-external-link-alt"></i></span>)</li></ul><h3 id="🌀-External-Changes"><a href="#🌀-External-Changes" class="headerlink" title="🌀 External Changes"></a>🌀 External Changes</h3><ul><li>Update dependency stylelint to v15 by @renovate in <span class="exturl" data-url="aHR0cHM6Ly9naXRodWIuY29tL25leHQtdGhlbWUvaGV4by10aGVtZS1uZXh0L3B1bGwvNjEx">https://github.com/next-theme/hexo-theme-next/pull/611<i class="fa fa-external-link-alt"></i></span></li><li>Update dependency hexo-renderer-marked to v6.1.1 by @renovate in <span class="exturl" data-url="aHR0cHM6Ly9naXRodWIuY29tL25leHQtdGhlbWUvaGV4by10aGVtZS1uZXh0L3B1bGwvNjc1">https://github.com/next-theme/hexo-theme-next/pull/675<i class="fa fa-external-link-alt"></i></span></li><li>Update dependency eslint to v8.46.0 by @renovate in <span class="exturl" data-url="aHR0cHM6Ly9naXRodWIuY29tL25leHQtdGhlbWUvaGV4by10aGVtZS1uZXh0L3B1bGwvNjc2">https://github.com/next-theme/hexo-theme-next/pull/676<i class="fa fa-external-link-alt"></i></span></li><li>Update dependency c8 to v8.0.1 by @renovate in <span class="exturl" data-url="aHR0cHM6Ly9naXRodWIuY29tL25leHQtdGhlbWUvaGV4by10aGVtZS1uZXh0L3B1bGwvNjgw">https://github.com/next-theme/hexo-theme-next/pull/680<i class="fa fa-external-link-alt"></i></span></li><li>Refactor Pull Request Reminder (<span class="exturl" data-url="aHR0cHM6Ly9naXRodWIuY29tL25leHQtdGhlbWUvaGV4by10aGVtZS1uZXh0L2NvbW1pdC84ZmQ4ZjkyNDdjNTFlNzA2MjkwZWViMzY1ZmIxZDBiODBmNzM4NGE0">8fd8f92<i class="fa fa-external-link-alt"></i></span>)</li></ul><h3 id="📖-Documentation"><a href="#📖-Documentation" class="headerlink" title="📖 Documentation"></a>📖 Documentation</h3><ul><li>Update gitter url (<span class="exturl" data-url="aHR0cHM6Ly9naXRodWIuY29tL25leHQtdGhlbWUvaGV4by10aGVtZS1uZXh0L2NvbW1pdC9kM2I3NmE4NTk5ZTczMzllMWY5NjQxZmU5ZTRlMzYwZGMyODk1ZDQ5">d3b76a8<i class="fa fa-external-link-alt"></i></span>)</li><li>Add npm downloads badge (<span class="exturl" data-url="aHR0cHM6Ly9naXRodWIuY29tL25leHQtdGhlbWUvaGV4by10aGVtZS1uZXh0L2NvbW1pdC9kYzhlNWUxN2ZhOWZkNDMzMzc0ZjBmNjc0NmJmMzE3MTQ0MjkxNjg3">dc8e5e1<i class="fa fa-external-link-alt"></i></span>)</li></ul><p><strong>Full Changelog</strong>: <span class="exturl" data-url="aHR0cHM6Ly9naXRodWIuY29tL25leHQtdGhlbWUvaGV4by10aGVtZS1uZXh0L2NvbXBhcmUvdjguMTcuMS4uLnY4LjE4LjA=">https://github.com/next-theme/hexo-theme-next/compare/v8.17.1...v8.18.0<i class="fa fa-external-link-alt"></i></span></p><p><span class="exturl" data-url="aHR0cHM6Ly9naXRodWIuY29tL25leHQtdGhlbWUvaGV4by10aGVtZS1uZXh0L3JlbGVhc2VzL3RhZy92OC4xOC4w">Detailed changes for NexT v8.18.0<i class="fa fa-external-link-alt"></i></span></p>]]></content>
    
    
      
      
    <summary type="html">&lt;!-- Release notes generated using configuration in .github/release.yml at v8.18.0 --&gt;

&lt;h2 id=&quot;What-s-Changed&quot;&gt;&lt;a href=&quot;#What-s-Changed&quot; cl</summary>
      
    
    
    
    
  </entry>
  
  <entry>
    <title>NexT 8.17.1 Released</title>
    <link href="https://theme-next.js.org/next-8-17-1-released/"/>
    <id>https://theme-next.js.org/next-8-17-1-released/</id>
    <published>2023-07-02T03:04:59.000Z</published>
    <updated>2024-10-10T02:57:20.728Z</updated>
    
    <content type="html"><![CDATA[<!-- Release notes generated using configuration in .github/release.yml at v8.17.1 --><h2 id="What-s-Changed"><a href="#What-s-Changed" class="headerlink" title="What&#39;s Changed"></a>What&#39;s Changed</h2><h3 id="⭐-Features"><a href="#⭐-Features" class="headerlink" title="⭐ Features"></a>⭐ Features</h3><ul><li>Remove AddThis share (<span class="exturl" data-url="aHR0cHM6Ly9naXRodWIuY29tL25leHQtdGhlbWUvaGV4by10aGVtZS1uZXh0L2NvbW1pdC9iOWJhNTMyZGY4ODg3ODM3MzZkOTU3NTUzNDU2ZDlhYTc3YzZiZWM0">b9ba532<i class="fa fa-external-link-alt"></i></span>)<figure class="highlight diff"><table><tr><td class="code"><pre><span class="line"><span class="deletion">-# AddThis Share. See: https://www.addthis.com</span></span><br><span class="line"><span class="deletion">-# Go to https://www.addthis.com/dashboard to customize your tools.</span></span><br><span class="line"><span class="deletion">-add_this_id:</span></span><br></pre></td></tr></table></figure></li><li>Allow disabling the copyright statement (<span class="exturl" data-url="aHR0cHM6Ly9naXRodWIuY29tL25leHQtdGhlbWUvaGV4by10aGVtZS1uZXh0L2NvbW1pdC83MjMwMmMyZTRkY2ZjMmRiMWU3ZWQ3MjE1NmVkNDI3NGI1ODVlNzM3">72302c2<i class="fa fa-external-link-alt"></i></span>)<figure class="highlight yml"><table><tr><td class="code"><pre><span class="line"><span class="attr">footer:</span></span><br><span class="line">  <span class="attr">copyright:</span> <span class="literal">false</span></span><br></pre></td></tr></table></figure></li></ul><h3 id="🐞-Bug-Fixes"><a href="#🐞-Bug-Fixes" class="headerlink" title="🐞 Bug Fixes"></a>🐞 Bug Fixes</h3><ul><li>Display warning message only once (<span class="exturl" data-url="aHR0cHM6Ly9naXRodWIuY29tL25leHQtdGhlbWUvaGV4by10aGVtZS1uZXh0L2NvbW1pdC84MjQ4ODVlZDBhMTVjMWUzYWRjNzE2ZmYyMjczZTZiMGEwZGFjNDI4">824885e<i class="fa fa-external-link-alt"></i></span>)</li></ul><h3 id="🛠-Improvements"><a href="#🛠-Improvements" class="headerlink" title="🛠 Improvements"></a>🛠 Improvements</h3><ul><li>Update stylelint rule (<span class="exturl" data-url="aHR0cHM6Ly9naXRodWIuY29tL25leHQtdGhlbWUvaGV4by10aGVtZS1uZXh0L2NvbW1pdC8yZTFkZTNlZmE1OWY5ODc4YjkxMjA5Yjg4OWRjZmYyZTMxY2QwYjgx">2e1de3e<i class="fa fa-external-link-alt"></i></span>)</li><li>Use mermaid.run (<span class="exturl" data-url="aHR0cHM6Ly9naXRodWIuY29tL25leHQtdGhlbWUvaGV4by10aGVtZS1uZXh0L2NvbW1pdC9lZWRkMTg5MzA3MWJmNjNhMDlmNzBhYjdmZGJiNTI2ZTYzYTYxNzMw">eedd189<i class="fa fa-external-link-alt"></i></span>)</li></ul><h3 id="🌀-External-Changes"><a href="#🌀-External-Changes" class="headerlink" title="🌀 External Changes"></a>🌀 External Changes</h3><ul><li>Update dependency hexo-renderer-marked to v6.1.0 by @renovate in <span class="exturl" data-url="aHR0cHM6Ly9naXRodWIuY29tL25leHQtdGhlbWUvaGV4by10aGVtZS1uZXh0L3B1bGwvNjY1">https://github.com/next-theme/hexo-theme-next/pull/665<i class="fa fa-external-link-alt"></i></span></li><li>Update dependency c8 to v8 by @renovate in <span class="exturl" data-url="aHR0cHM6Ly9naXRodWIuY29tL25leHQtdGhlbWUvaGV4by10aGVtZS1uZXh0L3B1bGwvNjY4">https://github.com/next-theme/hexo-theme-next/pull/668<i class="fa fa-external-link-alt"></i></span></li><li>Update dependency eslint to v8.44.0 by @renovate in <span class="exturl" data-url="aHR0cHM6Ly9naXRodWIuY29tL25leHQtdGhlbWUvaGV4by10aGVtZS1uZXh0L3B1bGwvNjY5">https://github.com/next-theme/hexo-theme-next/pull/669<i class="fa fa-external-link-alt"></i></span></li></ul><h3 id="🌍-Localization"><a href="#🌍-Localization" class="headerlink" title="🌍 Localization"></a>🌍 Localization</h3><ul><li>New Crowdin updates by @stevenjoezhang in <span class="exturl" data-url="aHR0cHM6Ly9naXRodWIuY29tL25leHQtdGhlbWUvaGV4by10aGVtZS1uZXh0L3B1bGwvNjcy">https://github.com/next-theme/hexo-theme-next/pull/672<i class="fa fa-external-link-alt"></i></span></li></ul><p><strong>Full Changelog</strong>: <span class="exturl" data-url="aHR0cHM6Ly9naXRodWIuY29tL25leHQtdGhlbWUvaGV4by10aGVtZS1uZXh0L2NvbXBhcmUvdjguMTcuMC4uLnY4LjE3LjE=">https://github.com/next-theme/hexo-theme-next/compare/v8.17.0...v8.17.1<i class="fa fa-external-link-alt"></i></span></p><p><span class="exturl" data-url="aHR0cHM6Ly9naXRodWIuY29tL25leHQtdGhlbWUvaGV4by10aGVtZS1uZXh0L3JlbGVhc2VzL3RhZy92OC4xNy4x">Detailed changes for NexT v8.17.1<i class="fa fa-external-link-alt"></i></span></p>]]></content>
    
    
      
      
    <summary type="html">&lt;!-- Release notes generated using configuration in .github/release.yml at v8.17.1 --&gt;

&lt;h2 id=&quot;What-s-Changed&quot;&gt;&lt;a href=&quot;#What-s-Changed&quot; cl</summary>
      
    
    
    
    
  </entry>
  
  <entry>
    <title>NexT 8.17.0 Released</title>
    <link href="https://theme-next.js.org/next-8-17-0-released/"/>
    <id>https://theme-next.js.org/next-8-17-0-released/</id>
    <published>2023-06-04T05:43:32.000Z</published>
    <updated>2024-10-10T02:57:20.728Z</updated>
    
    <content type="html"><![CDATA[<!-- Release notes generated using configuration in .github/release.yml at v8.17.0 --><h2 id="What-s-Changed"><a href="#What-s-Changed" class="headerlink" title="What&#39;s Changed"></a>What&#39;s Changed</h2><h3 id="🌟-New-Features"><a href="#🌟-New-Features" class="headerlink" title="🌟 New Features"></a>🌟 New Features</h3><ul><li>Add wavedrom support by @r12f in <span class="exturl" data-url="aHR0cHM6Ly9naXRodWIuY29tL25leHQtdGhlbWUvaGV4by10aGVtZS1uZXh0L3B1bGwvNjU1">https://github.com/next-theme/hexo-theme-next/pull/655<i class="fa fa-external-link-alt"></i></span><figure class="highlight diff"><table><tr><td class="code"><pre><span class="line"><span class="addition">+# WaveDrom tag</span></span><br><span class="line"><span class="addition">+wavedrom:</span></span><br><span class="line"><span class="addition">+  enable: false</span></span><br></pre></td></tr></table></figure></li></ul><h3 id="🌀-External-Changes"><a href="#🌀-External-Changes" class="headerlink" title="🌀 External Changes"></a>🌀 External Changes</h3><ul><li>Switch to @adobe&#x2F;css-tools (<span class="exturl" data-url="aHR0cHM6Ly9naXRodWIuY29tL25leHQtdGhlbWUvaGV4by10aGVtZS1uZXh0L2NvbW1pdC8yZDY0NjYxZTVkNzEzNDhiNzFkMzI0ODhmNmRjODA0NGZlZmUxYjhi">2d64661<i class="fa fa-external-link-alt"></i></span>)</li><li>Update dependency eslint to v8.42.0 by @renovate in <span class="exturl" data-url="aHR0cHM6Ly9naXRodWIuY29tL25leHQtdGhlbWUvaGV4by10aGVtZS1uZXh0L3B1bGwvNjU2">https://github.com/next-theme/hexo-theme-next/pull/656<i class="fa fa-external-link-alt"></i></span></li><li>Update dependency c8 to v7.14.0 by @renovate in <span class="exturl" data-url="aHR0cHM6Ly9naXRodWIuY29tL25leHQtdGhlbWUvaGV4by10aGVtZS1uZXh0L3B1bGwvNjU5">https://github.com/next-theme/hexo-theme-next/pull/659<i class="fa fa-external-link-alt"></i></span></li></ul><h2 id="New-Contributors"><a href="#New-Contributors" class="headerlink" title="New Contributors"></a>New Contributors</h2><ul><li>@r12f made their first contribution in <span class="exturl" data-url="aHR0cHM6Ly9naXRodWIuY29tL25leHQtdGhlbWUvaGV4by10aGVtZS1uZXh0L3B1bGwvNjU1">https://github.com/next-theme/hexo-theme-next/pull/655<i class="fa fa-external-link-alt"></i></span></li></ul><p><strong>Full Changelog</strong>: <span class="exturl" data-url="aHR0cHM6Ly9naXRodWIuY29tL25leHQtdGhlbWUvaGV4by10aGVtZS1uZXh0L2NvbXBhcmUvdjguMTYuMC4uLnY4LjE3LjA=">https://github.com/next-theme/hexo-theme-next/compare/v8.16.0...v8.17.0<i class="fa fa-external-link-alt"></i></span></p><p><span class="exturl" data-url="aHR0cHM6Ly9naXRodWIuY29tL25leHQtdGhlbWUvaGV4by10aGVtZS1uZXh0L3JlbGVhc2VzL3RhZy92OC4xNy4w">Detailed changes for NexT v8.17.0<i class="fa fa-external-link-alt"></i></span></p>]]></content>
    
    
      
      
    <summary type="html">&lt;!-- Release notes generated using configuration in .github/release.yml at v8.17.0 --&gt;

&lt;h2 id=&quot;What-s-Changed&quot;&gt;&lt;a href=&quot;#What-s-Changed&quot; cl</summary>
      
    
    
    
    
  </entry>
  
  <entry>
    <title>NexT 8.16.0 Released</title>
    <link href="https://theme-next.js.org/next-8-16-0-released/"/>
    <id>https://theme-next.js.org/next-8-16-0-released/</id>
    <published>2023-05-06T01:57:22.000Z</published>
    <updated>2024-10-10T02:57:20.728Z</updated>
    
    <content type="html"><![CDATA[<!-- Release notes generated using configuration in .github/release.yml at v8.16.0 --><h2 id="What-s-Changed"><a href="#What-s-Changed" class="headerlink" title="What&#39;s Changed"></a>What&#39;s Changed</h2><h3 id="🌟-New-Features"><a href="#🌟-New-Features" class="headerlink" title="🌟 New Features"></a>🌟 New Features</h3><ul><li>Support AddToAny share by @stevenjoezhang in <span class="exturl" data-url="aHR0cHM6Ly9naXRodWIuY29tL25leHQtdGhlbWUvaGV4by10aGVtZS1uZXh0L3B1bGwvNjMz">https://github.com/next-theme/hexo-theme-next/pull/633<i class="fa fa-external-link-alt"></i></span><figure class="highlight diff"><table><tr><td class="code"><pre><span class="line"><span class="addition">+# AddToAny Share. See: https://www.addtoany.com</span></span><br><span class="line"><span class="addition">+addtoany:</span></span><br><span class="line"><span class="addition">+  enable: false</span></span><br><span class="line"><span class="addition">+  buttons:</span></span><br><span class="line"><span class="addition">+    - facebook</span></span><br><span class="line"><span class="addition">+    - twitter</span></span><br></pre></td></tr></table></figure></li></ul><h3 id="⭐-Features"><a href="#⭐-Features" class="headerlink" title="⭐ Features"></a>⭐ Features</h3><ul><li>Update umami to use cdn by @LeenHawk in <span class="exturl" data-url="aHR0cHM6Ly9naXRodWIuY29tL25leHQtdGhlbWUvaGV4by10aGVtZS1uZXh0L3B1bGwvNjM4">https://github.com/next-theme/hexo-theme-next/pull/638<i class="fa fa-external-link-alt"></i></span><figure class="highlight diff"><table><tr><td class="code"><pre><span class="line"># Umami Analytics</span><br><span class="line"># See: https://umami.is/</span><br><span class="line">umami:</span><br><span class="line">  enable: false</span><br><span class="line">  script_url: # https://umami.example.com/script.js</span><br><span class="line">  website_id: # &lt;your website id&gt;</span><br><span class="line"><span class="addition">+  host_url: # &lt;your umami site url&gt;</span></span><br></pre></td></tr></table></figure></li><li>Add new inject point - postBodyStart by @ImSingee in <span class="exturl" data-url="aHR0cHM6Ly9naXRodWIuY29tL25leHQtdGhlbWUvaGV4by10aGVtZS1uZXh0L3B1bGwvNjQ2">https://github.com/next-theme/hexo-theme-next/pull/646<i class="fa fa-external-link-alt"></i></span><figure class="highlight diff"><table><tr><td class="code"><pre><span class="line"># Define custom file paths.</span><br><span class="line"># Create your custom files in site directory `source/_data` and uncomment needed files below.</span><br><span class="line">custom_file_path:</span><br><span class="line">  #head: source/_data/head.njk</span><br><span class="line">  #header: source/_data/header.njk</span><br><span class="line">  #sidebar: source/_data/sidebar.njk</span><br><span class="line">  #postMeta: source/_data/post-meta.njk</span><br><span class="line"><span class="addition">+  #postBodyStart: source/_data/post-body-start.njk</span></span><br><span class="line">  ...</span><br></pre></td></tr></table></figure></li></ul><h3 id="🐞-Bug-Fixes"><a href="#🐞-Bug-Fixes" class="headerlink" title="🐞 Bug Fixes"></a>🐞 Bug Fixes</h3><ul><li>Fix header class name conflict with pandoc (<span class="exturl" data-url="aHR0cHM6Ly9naXRodWIuY29tL25leHQtdGhlbWUvaGV4by10aGVtZS1uZXh0L2NvbW1pdC9lZDRiYjJiNDEzZjU1ZWYwODIzMDljYjQ5YjBlOWI3M2M3OGMxMDBk">ed4bb2b<i class="fa fa-external-link-alt"></i></span>)</li><li>Fix figcaption position when mobile_layout_economy enabled (<span class="exturl" data-url="aHR0cHM6Ly9naXRodWIuY29tL25leHQtdGhlbWUvaGV4by10aGVtZS1uZXh0L2NvbW1pdC9jOGI4NDU2N2NjNmZmZmY2MTA1ZjE1MmI3YzFlOThjNzEzMjkzZmU0">c8b8456<i class="fa fa-external-link-alt"></i></span>)</li></ul><h3 id="🌀-External-Changes"><a href="#🌀-External-Changes" class="headerlink" title="🌀 External Changes"></a>🌀 External Changes</h3><ul><li>Update dependency eslint to v8.40.0 by @renovate in <span class="exturl" data-url="aHR0cHM6Ly9naXRodWIuY29tL25leHQtdGhlbWUvaGV4by10aGVtZS1uZXh0L3B1bGwvNjM2">https://github.com/next-theme/hexo-theme-next/pull/636<i class="fa fa-external-link-alt"></i></span></li></ul><h2 id="New-Contributors"><a href="#New-Contributors" class="headerlink" title="New Contributors"></a>New Contributors</h2><ul><li>@LeenHawk made their first contribution in <span class="exturl" data-url="aHR0cHM6Ly9naXRodWIuY29tL25leHQtdGhlbWUvaGV4by10aGVtZS1uZXh0L3B1bGwvNjM4">https://github.com/next-theme/hexo-theme-next/pull/638<i class="fa fa-external-link-alt"></i></span></li><li>@ImSingee made their first contribution in <span class="exturl" data-url="aHR0cHM6Ly9naXRodWIuY29tL25leHQtdGhlbWUvaGV4by10aGVtZS1uZXh0L3B1bGwvNjQ2">https://github.com/next-theme/hexo-theme-next/pull/646<i class="fa fa-external-link-alt"></i></span></li></ul><p><strong>Full Changelog</strong>: <span class="exturl" data-url="aHR0cHM6Ly9naXRodWIuY29tL25leHQtdGhlbWUvaGV4by10aGVtZS1uZXh0L2NvbXBhcmUvdjguMTUuMS4uLnY4LjE2LjA=">https://github.com/next-theme/hexo-theme-next/compare/v8.15.1...v8.16.0<i class="fa fa-external-link-alt"></i></span></p><p><span class="exturl" data-url="aHR0cHM6Ly9naXRodWIuY29tL25leHQtdGhlbWUvaGV4by10aGVtZS1uZXh0L3JlbGVhc2VzL3RhZy92OC4xNi4w">Detailed changes for NexT v8.16.0<i class="fa fa-external-link-alt"></i></span></p>]]></content>
    
    
      
      
    <summary type="html">&lt;!-- Release notes generated using configuration in .github/release.yml at v8.16.0 --&gt;

&lt;h2 id=&quot;What-s-Changed&quot;&gt;&lt;a href=&quot;#What-s-Changed&quot; cl</summary>
      
    
    
    
    
  </entry>
  
  <entry>
    <title>NexT 8.15.1 Released</title>
    <link href="https://theme-next.js.org/next-8-15-1-released/"/>
    <id>https://theme-next.js.org/next-8-15-1-released/</id>
    <published>2023-04-02T02:50:13.000Z</published>
    <updated>2024-10-10T02:57:20.728Z</updated>
    
    <content type="html"><![CDATA[<!-- Release notes generated using configuration in .github/release.yml at v8.15.1 --><h2 id="What-s-Changed"><a href="#What-s-Changed" class="headerlink" title="What&#39;s Changed"></a>What&#39;s Changed</h2><h3 id="⭐-Features"><a href="#⭐-Features" class="headerlink" title="⭐ Features"></a>⭐ Features</h3><ul><li>Support reprint by @jack9603301 in <span class="exturl" data-url="aHR0cHM6Ly9naXRodWIuY29tL25leHQtdGhlbWUvaGV4by10aGVtZS1uZXh0L3B1bGwvNjE4">https://github.com/next-theme/hexo-theme-next/pull/618<i class="fa fa-external-link-alt"></i></span></li></ul><h3 id="🐞-Bug-Fixes"><a href="#🐞-Bug-Fixes" class="headerlink" title="🐞 Bug Fixes"></a>🐞 Bug Fixes</h3><ul><li>Fix .footer-fixed toggle and position (<span class="exturl" data-url="aHR0cHM6Ly9naXRodWIuY29tL25leHQtdGhlbWUvaGV4by10aGVtZS1uZXh0L2NvbW1pdC8xNTAxNDQwZDhkMDYwNzA3OTAzMjhmYmY3YTIyZjcwYWUwMzdmZjJm">1501440<i class="fa fa-external-link-alt"></i></span>)</li></ul><h3 id="🌀-External-Changes"><a href="#🌀-External-Changes" class="headerlink" title="🌀 External Changes"></a>🌀 External Changes</h3><ul><li>Update dependency eslint to v8.37.0 by @renovate in <span class="exturl" data-url="aHR0cHM6Ly9naXRodWIuY29tL25leHQtdGhlbWUvaGV4by10aGVtZS1uZXh0L3B1bGwvNjIx">https://github.com/next-theme/hexo-theme-next/pull/621<i class="fa fa-external-link-alt"></i></span></li></ul><h3 id="🌍-Localization"><a href="#🌍-Localization" class="headerlink" title="🌍 Localization"></a>🌍 Localization</h3><ul><li>New Crowdin updates by @stevenjoezhang in <span class="exturl" data-url="aHR0cHM6Ly9naXRodWIuY29tL25leHQtdGhlbWUvaGV4by10aGVtZS1uZXh0L3B1bGwvNjMw">https://github.com/next-theme/hexo-theme-next/pull/630<i class="fa fa-external-link-alt"></i></span></li></ul><h2 id="New-Contributors"><a href="#New-Contributors" class="headerlink" title="New Contributors"></a>New Contributors</h2><ul><li>@jack9603301 made their first contribution in <span class="exturl" data-url="aHR0cHM6Ly9naXRodWIuY29tL25leHQtdGhlbWUvaGV4by10aGVtZS1uZXh0L3B1bGwvNjE4">https://github.com/next-theme/hexo-theme-next/pull/618<i class="fa fa-external-link-alt"></i></span></li></ul><p><strong>Full Changelog</strong>: <span class="exturl" data-url="aHR0cHM6Ly9naXRodWIuY29tL25leHQtdGhlbWUvaGV4by10aGVtZS1uZXh0L2NvbXBhcmUvdjguMTUuMC4uLnY4LjE1LjE=">https://github.com/next-theme/hexo-theme-next/compare/v8.15.0...v8.15.1<i class="fa fa-external-link-alt"></i></span></p><p><span class="exturl" data-url="aHR0cHM6Ly9naXRodWIuY29tL25leHQtdGhlbWUvaGV4by10aGVtZS1uZXh0L3JlbGVhc2VzL3RhZy92OC4xNS4x">Detailed changes for NexT v8.15.1<i class="fa fa-external-link-alt"></i></span></p>]]></content>
    
    
      
      
    <summary type="html">&lt;!-- Release notes generated using configuration in .github/release.yml at v8.15.1 --&gt;

&lt;h2 id=&quot;What-s-Changed&quot;&gt;&lt;a href=&quot;#What-s-Changed&quot; cl</summary>
      
    
    
    
    
  </entry>
  
  <entry>
    <title>NexT 8.15.0 Released</title>
    <link href="https://theme-next.js.org/next-8-15-0-released/"/>
    <id>https://theme-next.js.org/next-8-15-0-released/</id>
    <published>2023-03-01T12:02:38.000Z</published>
    <updated>2024-10-10T02:57:20.728Z</updated>
    
    <content type="html"><![CDATA[<!-- Release notes generated using configuration in .github/release.yml at v8.15.0 --><h2 id="What-s-Changed"><a href="#What-s-Changed" class="headerlink" title="What&#39;s Changed"></a>What&#39;s Changed</h2><h3 id="⭐-Features"><a href="#⭐-Features" class="headerlink" title="⭐ Features"></a>⭐ Features</h3><ul><li>Animate nav item and panel activation by @PaperStrike in <span class="exturl" data-url="aHR0cHM6Ly9naXRodWIuY29tL25leHQtdGhlbWUvaGV4by10aGVtZS1uZXh0L3B1bGwvMzIz">https://github.com/next-theme/hexo-theme-next/pull/323<i class="fa fa-external-link-alt"></i></span></li></ul><h3 id="🐞-Bug-Fixes"><a href="#🐞-Bug-Fixes" class="headerlink" title="🐞 Bug Fixes"></a>🐞 Bug Fixes</h3><ul><li>Use absolute path githooks by @dimaslanjaka in <span class="exturl" data-url="aHR0cHM6Ly9naXRodWIuY29tL25leHQtdGhlbWUvaGV4by10aGVtZS1uZXh0L3B1bGwvNjE2">https://github.com/next-theme/hexo-theme-next/pull/616<i class="fa fa-external-link-alt"></i></span></li></ul><h3 id="🛠-Improvements"><a href="#🛠-Improvements" class="headerlink" title="🛠 Improvements"></a>🛠 Improvements</h3><ul><li>Remove hidden .site-nav from accessibility tree by @PaperStrike in <span class="exturl" data-url="aHR0cHM6Ly9naXRodWIuY29tL25leHQtdGhlbWUvaGV4by10aGVtZS1uZXh0L3B1bGwvNjE1">https://github.com/next-theme/hexo-theme-next/pull/615<i class="fa fa-external-link-alt"></i></span></li></ul><h3 id="🌀-External-Changes"><a href="#🌀-External-Changes" class="headerlink" title="🌀 External Changes"></a>🌀 External Changes</h3><ul><li>Update dependency stylelint-stylus to v0.18.0 by @renovate in <span class="exturl" data-url="aHR0cHM6Ly9naXRodWIuY29tL25leHQtdGhlbWUvaGV4by10aGVtZS1uZXh0L3B1bGwvNjEy">https://github.com/next-theme/hexo-theme-next/pull/612<i class="fa fa-external-link-alt"></i></span></li><li>Update dependency eslint to v8.35.0 by @renovate in <span class="exturl" data-url="aHR0cHM6Ly9naXRodWIuY29tL25leHQtdGhlbWUvaGV4by10aGVtZS1uZXh0L3B1bGwvNjEz">https://github.com/next-theme/hexo-theme-next/pull/613<i class="fa fa-external-link-alt"></i></span></li><li>Update dependency c8 to v7.13.0 by @renovate in <span class="exturl" data-url="aHR0cHM6Ly9naXRodWIuY29tL25leHQtdGhlbWUvaGV4by10aGVtZS1uZXh0L3B1bGwvNjE0">https://github.com/next-theme/hexo-theme-next/pull/614<i class="fa fa-external-link-alt"></i></span></li></ul><h2 id="New-Contributors"><a href="#New-Contributors" class="headerlink" title="New Contributors"></a>New Contributors</h2><ul><li>@dimaslanjaka made their first contribution in <span class="exturl" data-url="aHR0cHM6Ly9naXRodWIuY29tL25leHQtdGhlbWUvaGV4by10aGVtZS1uZXh0L3B1bGwvNjE2">https://github.com/next-theme/hexo-theme-next/pull/616<i class="fa fa-external-link-alt"></i></span></li></ul><p><strong>Full Changelog</strong>: <span class="exturl" data-url="aHR0cHM6Ly9naXRodWIuY29tL25leHQtdGhlbWUvaGV4by10aGVtZS1uZXh0L2NvbXBhcmUvdjguMTQuMi4uLnY4LjE1LjA=">https://github.com/next-theme/hexo-theme-next/compare/v8.14.2...v8.15.0<i class="fa fa-external-link-alt"></i></span></p><p><span class="exturl" data-url="aHR0cHM6Ly9naXRodWIuY29tL25leHQtdGhlbWUvaGV4by10aGVtZS1uZXh0L3JlbGVhc2VzL3RhZy92OC4xNS4w">Detailed changes for NexT v8.15.0<i class="fa fa-external-link-alt"></i></span></p>]]></content>
    
    
      
      
    <summary type="html">&lt;!-- Release notes generated using configuration in .github/release.yml at v8.15.0 --&gt;

&lt;h2 id=&quot;What-s-Changed&quot;&gt;&lt;a href=&quot;#What-s-Changed&quot; cl</summary>
      
    
    
    
    
  </entry>
  
  <entry>
    <title>NexT 8.14.2 Released</title>
    <link href="https://theme-next.js.org/next-8-14-2-released/"/>
    <id>https://theme-next.js.org/next-8-14-2-released/</id>
    <published>2023-02-01T04:23:38.000Z</published>
    <updated>2024-10-10T02:57:20.728Z</updated>
    
    <content type="html"><![CDATA[<!-- Release notes generated using configuration in .github/release.yml at v8.14.2 --><h2 id="What-s-Changed"><a href="#What-s-Changed" class="headerlink" title="What&#39;s Changed"></a>What&#39;s Changed</h2><h3 id="🐞-Bug-Fixes"><a href="#🐞-Bug-Fixes" class="headerlink" title="🐞 Bug Fixes"></a>🐞 Bug Fixes</h3><ul><li>Fix disqus comment count display with PJAX enabled (<span class="exturl" data-url="aHR0cHM6Ly9naXRodWIuY29tL25leHQtdGhlbWUvaGV4by10aGVtZS1uZXh0L2NvbW1pdC8yOWRlOTNkOGQ3NDQyODAwMWI0ZDUwMDI0OGNkYTdjMzc4ODM5NGM1">29de93d<i class="fa fa-external-link-alt"></i></span>)</li><li>Fix umami &amp; plausible enable option (<span class="exturl" data-url="aHR0cHM6Ly9naXRodWIuY29tL25leHQtdGhlbWUvaGV4by10aGVtZS1uZXh0L2NvbW1pdC85Yjg0MTUzODAyZGY3YjMzN2Q2ZmI3NGJmZjE3YWEzZjk4NTFmMmMx">9b84153<i class="fa fa-external-link-alt"></i></span>)</li></ul><h3 id="🌀-External-Changes"><a href="#🌀-External-Changes" class="headerlink" title="🌀 External Changes"></a>🌀 External Changes</h3><ul><li>Update dependency stylelint-stylus to v0.17.1 by @renovate in <span class="exturl" data-url="aHR0cHM6Ly9naXRodWIuY29tL25leHQtdGhlbWUvaGV4by10aGVtZS1uZXh0L3B1bGwvNjA4">https://github.com/next-theme/hexo-theme-next/pull/608<i class="fa fa-external-link-alt"></i></span></li><li>Update dependency eslint to v8.33.0 by @renovate in <span class="exturl" data-url="aHR0cHM6Ly9naXRodWIuY29tL25leHQtdGhlbWUvaGV4by10aGVtZS1uZXh0L3B1bGwvNjA5">https://github.com/next-theme/hexo-theme-next/pull/609<i class="fa fa-external-link-alt"></i></span></li></ul><h3 id="📖-Documentation"><a href="#📖-Documentation" class="headerlink" title="📖 Documentation"></a>📖 Documentation</h3><ul><li>Update docs of <code>excerpt_description</code> (<span class="exturl" data-url="aHR0cHM6Ly9naXRodWIuY29tL25leHQtdGhlbWUvaGV4by10aGVtZS1uZXh0L2NvbW1pdC83ZTkwOGJhOTVhMzkxNDJmMzZiNWM0ODkzNDI4MDk5NTJlOGVkYTM2">7e908ba<i class="fa fa-external-link-alt"></i></span>)</li></ul><p><strong>Full Changelog</strong>: <span class="exturl" data-url="aHR0cHM6Ly9naXRodWIuY29tL25leHQtdGhlbWUvaGV4by10aGVtZS1uZXh0L2NvbXBhcmUvdjguMTQuMS4uLnY4LjE0LjI=">https://github.com/next-theme/hexo-theme-next/compare/v8.14.1...v8.14.2<i class="fa fa-external-link-alt"></i></span></p><p><span class="exturl" data-url="aHR0cHM6Ly9naXRodWIuY29tL25leHQtdGhlbWUvaGV4by10aGVtZS1uZXh0L3JlbGVhc2VzL3RhZy92OC4xNC4y">Detailed changes for NexT v8.14.2<i class="fa fa-external-link-alt"></i></span></p>]]></content>
    
    
      
      
    <summary type="html">&lt;!-- Release notes generated using configuration in .github/release.yml at v8.14.2 --&gt;

&lt;h2 id=&quot;What-s-Changed&quot;&gt;&lt;a href=&quot;#What-s-Changed&quot; cl</summary>
      
    
    
    
    
  </entry>
  
  <entry>
    <title>NexT 8.14.1 Released</title>
    <link href="https://theme-next.js.org/next-8-14-1-released/"/>
    <id>https://theme-next.js.org/next-8-14-1-released/</id>
    <published>2023-01-01T13:26:46.000Z</published>
    <updated>2024-10-10T02:57:20.728Z</updated>
    
    <content type="html"><![CDATA[<!-- Release notes generated using configuration in .github/release.yml at v8.14.1 --><h2 id="What-s-Changed"><a href="#What-s-Changed" class="headerlink" title="What&#39;s Changed"></a>What&#39;s Changed</h2><h3 id="⭐-Features"><a href="#⭐-Features" class="headerlink" title="⭐ Features"></a>⭐ Features</h3><ul><li>Add transition animation for the height of <code>tab-content</code> when tab switches by @zhmou in <span class="exturl" data-url="aHR0cHM6Ly9naXRodWIuY29tL25leHQtdGhlbWUvaGV4by10aGVtZS1uZXh0L3B1bGwvNTk2">https://github.com/next-theme/hexo-theme-next/pull/596<i class="fa fa-external-link-alt"></i></span></li><li>Add rel&#x3D;&quot;me&quot; to social links by @mudkipme in <span class="exturl" data-url="aHR0cHM6Ly9naXRodWIuY29tL25leHQtdGhlbWUvaGV4by10aGVtZS1uZXh0L3B1bGwvNjA1">https://github.com/next-theme/hexo-theme-next/pull/605<i class="fa fa-external-link-alt"></i></span></li><li>Reorder the animations of post lists (<span class="exturl" data-url="aHR0cHM6Ly9naXRodWIuY29tL25leHQtdGhlbWUvaGV4by10aGVtZS1uZXh0L2NvbW1pdC8wZWQ0NjMyZjM0N2E5ODhiNjQ0YjU1NDI3ZWIzMjM0NDZlYmIyMzBi">0ed4632<i class="fa fa-external-link-alt"></i></span>)</li></ul><h3 id="🐞-Bug-Fixes"><a href="#🐞-Bug-Fixes" class="headerlink" title="🐞 Bug Fixes"></a>🐞 Bug Fixes</h3><ul><li>Fix multi-comments &amp; Gemini style (<span class="exturl" data-url="aHR0cHM6Ly9naXRodWIuY29tL25leHQtdGhlbWUvaGV4by10aGVtZS1uZXh0L2NvbW1pdC9lOWNiNzA0MjgzYTdiMmM4OGNkNjM0NDQ4N2Y1ZDc4NWNkMmJlYjQ1">e9cb704<i class="fa fa-external-link-alt"></i></span>)</li><li>Fix class name of disqusjs (<span class="exturl" data-url="aHR0cHM6Ly9naXRodWIuY29tL25leHQtdGhlbWUvaGV4by10aGVtZS1uZXh0L2NvbW1pdC8wODM0ZDFjZTAxYzFhZTI2ZTFmOTQ1OTE2OTllNzA1N2Q5MDhmMTgz">0834d1c<i class="fa fa-external-link-alt"></i></span>)</li></ul><h3 id="🌀-External-Changes"><a href="#🌀-External-Changes" class="headerlink" title="🌀 External Changes"></a>🌀 External Changes</h3><ul><li>Update dependency eslint to v8.31.0 by @renovate in <span class="exturl" data-url="aHR0cHM6Ly9naXRodWIuY29tL25leHQtdGhlbWUvaGV4by10aGVtZS1uZXh0L3B1bGwvNTk5">https://github.com/next-theme/hexo-theme-next/pull/599<i class="fa fa-external-link-alt"></i></span></li><li>Update dependency stylelint to v14.16.1 by @renovate in <span class="exturl" data-url="aHR0cHM6Ly9naXRodWIuY29tL25leHQtdGhlbWUvaGV4by10aGVtZS1uZXh0L3B1bGwvNjAw">https://github.com/next-theme/hexo-theme-next/pull/600<i class="fa fa-external-link-alt"></i></span></li><li>Update dessant&#x2F;lock-threads action to v4 by @renovate in <span class="exturl" data-url="aHR0cHM6Ly9naXRodWIuY29tL25leHQtdGhlbWUvaGV4by10aGVtZS1uZXh0L3B1bGwvNjAx">https://github.com/next-theme/hexo-theme-next/pull/601<i class="fa fa-external-link-alt"></i></span></li><li>Update dependency mocha to v10.2.0 by @renovate in <span class="exturl" data-url="aHR0cHM6Ly9naXRodWIuY29tL25leHQtdGhlbWUvaGV4by10aGVtZS1uZXh0L3B1bGwvNjAz">https://github.com/next-theme/hexo-theme-next/pull/603<i class="fa fa-external-link-alt"></i></span></li></ul><h2 id="New-Contributors"><a href="#New-Contributors" class="headerlink" title="New Contributors"></a>New Contributors</h2><ul><li>@zhmou made their first contribution in <span class="exturl" data-url="aHR0cHM6Ly9naXRodWIuY29tL25leHQtdGhlbWUvaGV4by10aGVtZS1uZXh0L3B1bGwvNTk2">https://github.com/next-theme/hexo-theme-next/pull/596<i class="fa fa-external-link-alt"></i></span></li><li>@mudkipme made their first contribution in <span class="exturl" data-url="aHR0cHM6Ly9naXRodWIuY29tL25leHQtdGhlbWUvaGV4by10aGVtZS1uZXh0L3B1bGwvNjA1">https://github.com/next-theme/hexo-theme-next/pull/605<i class="fa fa-external-link-alt"></i></span></li></ul><p><strong>Full Changelog</strong>: <span class="exturl" data-url="aHR0cHM6Ly9naXRodWIuY29tL25leHQtdGhlbWUvaGV4by10aGVtZS1uZXh0L2NvbXBhcmUvdjguMTQuMC4uLnY4LjE0LjE=">https://github.com/next-theme/hexo-theme-next/compare/v8.14.0...v8.14.1<i class="fa fa-external-link-alt"></i></span></p><p><span class="exturl" data-url="aHR0cHM6Ly9naXRodWIuY29tL25leHQtdGhlbWUvaGV4by10aGVtZS1uZXh0L3JlbGVhc2VzL3RhZy92OC4xNC4x">Detailed changes for NexT v8.14.1<i class="fa fa-external-link-alt"></i></span></p>]]></content>
    
    
      
      
    <summary type="html">&lt;!-- Release notes generated using configuration in .github/release.yml at v8.14.1 --&gt;

&lt;h2 id=&quot;What-s-Changed&quot;&gt;&lt;a href=&quot;#What-s-Changed&quot; cl</summary>
      
    
    
    
    
  </entry>
  
  <entry>
    <title>NexT 8.14.0 Released</title>
    <link href="https://theme-next.js.org/next-8-14-0-released/"/>
    <id>https://theme-next.js.org/next-8-14-0-released/</id>
    <published>2022-12-02T06:14:16.000Z</published>
    <updated>2024-10-10T02:57:20.727Z</updated>
    
    <content type="html"><![CDATA[<!-- Release notes generated using configuration in .github/release.yml at v8.14.0 --><h2 id="What-s-Changed"><a href="#What-s-Changed" class="headerlink" title="What&#39;s Changed"></a>What&#39;s Changed</h2><h3 id="🌟-New-Features"><a href="#🌟-New-Features" class="headerlink" title="🌟 New Features"></a>🌟 New Features</h3><ul><li>Add Umami and Plausible Analytics by @leirock in <span class="exturl" data-url="aHR0cHM6Ly9naXRodWIuY29tL25leHQtdGhlbWUvaGV4by10aGVtZS1uZXh0L3B1bGwvNTY5">https://github.com/next-theme/hexo-theme-next/pull/569<i class="fa fa-external-link-alt"></i></span><figure class="highlight diff"><table><tr><td class="code"><pre><span class="line"><span class="addition">+# Umami Analytics</span></span><br><span class="line"><span class="addition">+# See: https://umami.is/</span></span><br><span class="line"><span class="addition">+umami:</span></span><br><span class="line"><span class="addition">+  enable: false</span></span><br><span class="line"><span class="addition">+  script_url: # https://umami.example.com/script.js</span></span><br><span class="line"><span class="addition">+  website_id: # &lt;your website id&gt;</span></span><br><span class="line"></span><br><span class="line"><span class="addition">+# Plausible Analytics</span></span><br><span class="line"><span class="addition">+# See: https://plausible.io/</span></span><br><span class="line"><span class="addition">+plausible:</span></span><br><span class="line"><span class="addition">+  enable: false</span></span><br><span class="line"><span class="addition">+  script_url: # https://plausible.io/js/script.js</span></span><br><span class="line"><span class="addition">+  site_domain: # www.example.com</span></span><br></pre></td></tr></table></figure></li></ul><h3 id="⭐-Features"><a href="#⭐-Features" class="headerlink" title="⭐ Features"></a>⭐ Features</h3><ul><li>Putting blogroll and related-posts in separate sidebar-inner elements by @stevenjoezhang in <span class="exturl" data-url="aHR0cHM6Ly9naXRodWIuY29tL25leHQtdGhlbWUvaGV4by10aGVtZS1uZXh0L3B1bGwvNTkz">https://github.com/next-theme/hexo-theme-next/pull/593<i class="fa fa-external-link-alt"></i></span></li><li>Move custom text settings to language file (<span class="exturl" data-url="aHR0cHM6Ly9naXRodWIuY29tL25leHQtdGhlbWUvaGV4by10aGVtZS1uZXh0L2NvbW1pdC9kZTQ1M2RhODQwNzM4NTViODQ5ZjRmZGE3OThlZmQ3ZTg0YjQwYTE2">de453da<i class="fa fa-external-link-alt"></i></span>)<br>Options for string translation are removed from <code>_config.yml</code>, to support multilingual websites. To customize the translations, you need to create a <code>languages.yml</code> file in <code>source/_data</code> directory, then add codes like this:<figure class="highlight yml"><table><tr><td class="code"><pre><span class="line"><span class="attr">zh-CN:</span></span><br><span class="line">  <span class="attr">sidebar:</span></span><br><span class="line">    <span class="attr">links:</span> <span class="string">链接</span></span><br><span class="line">  <span class="attr">widget:</span></span><br><span class="line">    <span class="attr">github:</span> <span class="string">在</span> <span class="string">GitHub</span> <span class="string">上关注我</span></span><br><span class="line">    <span class="attr">chat:</span> <span class="string">聊天</span></span><br><span class="line">  <span class="attr">reward:</span></span><br><span class="line">    <span class="attr">comment:</span> <span class="string">支持一根棒棒糖！</span></span><br><span class="line"></span><br><span class="line"><span class="attr">en:</span></span><br><span class="line">  <span class="attr">sidebar:</span></span><br><span class="line">    <span class="attr">links:</span> <span class="string">Friends</span></span><br></pre></td></tr></table></figure></li><li>Remove widgetpack rating (<span class="exturl" data-url="aHR0cHM6Ly9naXRodWIuY29tL25leHQtdGhlbWUvaGV4by10aGVtZS1uZXh0L2NvbW1pdC8xNzkxNzZlM2VkZGY5NWMxYjg3ZjVlOGI5MDJkNmE5NGE0MDg5NWU0">179176e<i class="fa fa-external-link-alt"></i></span>)<figure class="highlight diff"><table><tr><td class="code"><pre><span class="line"><span class="deletion">-# Star rating support to each article.</span></span><br><span class="line"><span class="deletion">-# To get your ID visit https://widgetpack.com</span></span><br><span class="line"><span class="deletion">-rating:</span></span><br><span class="line"><span class="deletion">-  enable: false</span></span><br><span class="line"><span class="deletion">-  id:     # &lt;app_id&gt;</span></span><br><span class="line"><span class="deletion">-  color:  &quot;#fc6423&quot;</span></span><br></pre></td></tr></table></figure></li><li>Add cc icon in post-copyright (<span class="exturl" data-url="aHR0cHM6Ly9naXRodWIuY29tL25leHQtdGhlbWUvaGV4by10aGVtZS1uZXh0L2NvbW1pdC9mOWRkOTg2OWRlNWE4MjQyNDQ1MmFiNzc3OTZmMjQwZTNmNTk0Yjk3">f9dd986<i class="fa fa-external-link-alt"></i></span>)</li><li>Add motion.transition.menu_item (<span class="exturl" data-url="aHR0cHM6Ly9naXRodWIuY29tL25leHQtdGhlbWUvaGV4by10aGVtZS1uZXh0L2NvbW1pdC83MDUyMDFiZGUzZmZmMDFiYzk1ZWEwNzUxNGMyYjFkZmIzZjBjNzRl">705201b<i class="fa fa-external-link-alt"></i></span>)<figure class="highlight diff"><table><tr><td class="code"><pre><span class="line">motion:</span><br><span class="line">  transition:</span><br><span class="line"><span class="addition">+    menu_item: fadeInDown</span></span><br></pre></td></tr></table></figure></li></ul><h3 id="🐞-Bug-Fixes"><a href="#🐞-Bug-Fixes" class="headerlink" title="🐞 Bug Fixes"></a>🐞 Bug Fixes</h3><ul><li>Fix URL of related posts (<span class="exturl" data-url="aHR0cHM6Ly9naXRodWIuY29tL25leHQtdGhlbWUvaGV4by10aGVtZS1uZXh0L2NvbW1pdC8yNDNkODFlZDhlYWQ5M2VhYzQwNGI3ZGY4MWJkMGNiYjBkNjhkMmJi">243d81e<i class="fa fa-external-link-alt"></i></span>)</li><li>Fix span.social-link color (<span class="exturl" data-url="aHR0cHM6Ly9naXRodWIuY29tL25leHQtdGhlbWUvaGV4by10aGVtZS1uZXh0L2NvbW1pdC9jMDljNzhjMzZjYWM2MjNhODhlY2YwNjViMWI4ODA0MzhmNDEzOWVl">c09c78c<i class="fa fa-external-link-alt"></i></span>)</li><li>Fix body.sidebar-active content width (<span class="exturl" data-url="aHR0cHM6Ly9naXRodWIuY29tL25leHQtdGhlbWUvaGV4by10aGVtZS1uZXh0L2NvbW1pdC8wZTc5ZDMwOGVkZmQ5MzUwODU5NzdlZDZkYjUxZmE0YzExZWE1MmZm">0e79d30<i class="fa fa-external-link-alt"></i></span>)</li></ul><h3 id="🛠-Improvements"><a href="#🛠-Improvements" class="headerlink" title="🛠 Improvements"></a>🛠 Improvements</h3><ul><li>Create issue forms by @njzjz in <span class="exturl" data-url="aHR0cHM6Ly9naXRodWIuY29tL25leHQtdGhlbWUvaGV4by10aGVtZS1uZXh0L3B1bGwvNTk1">https://github.com/next-theme/hexo-theme-next/pull/595<i class="fa fa-external-link-alt"></i></span></li><li>Improve accessibility by @stevenjoezhang in <span class="exturl" data-url="aHR0cHM6Ly9naXRodWIuY29tL25leHQtdGhlbWUvaGV4by10aGVtZS1uZXh0L3B1bGwvNTk3">https://github.com/next-theme/hexo-theme-next/pull/597<i class="fa fa-external-link-alt"></i></span></li><li>Refactor sidebar-toggle, sidebar-dimmer &amp; back-to-top (<span class="exturl" data-url="aHR0cHM6Ly9naXRodWIuY29tL25leHQtdGhlbWUvaGV4by10aGVtZS1uZXh0L2NvbW1pdC9jN2I5MmMzYWY4ZThjNDA1NDU0NjRjMmRlMGYyNzJmN2ZmN2FjNDBh">c7b92c3<i class="fa fa-external-link-alt"></i></span>)</li><li>Optimize semantic elements&#39; name (<span class="exturl" data-url="aHR0cHM6Ly9naXRodWIuY29tL25leHQtdGhlbWUvaGV4by10aGVtZS1uZXh0L2NvbW1pdC9iNzhmYjNhYzkwN2QyODM2NTVhM2VmZWYzYzFlNGI1MDNkNjZhMTM4">b78fb3a<i class="fa fa-external-link-alt"></i></span>)</li><li>Refactor header &amp; sidebar style (<span class="exturl" data-url="aHR0cHM6Ly9naXRodWIuY29tL25leHQtdGhlbWUvaGV4by10aGVtZS1uZXh0L2NvbW1pdC8yNWViMGJjZTMzY2RjMTNlNTk4YTY0OTg3MjlhZDA2YWEzOTY2ZWRl">25eb0bc<i class="fa fa-external-link-alt"></i></span>)</li><li>Adjust back2top style (<span class="exturl" data-url="aHR0cHM6Ly9naXRodWIuY29tL25leHQtdGhlbWUvaGV4by10aGVtZS1uZXh0L2NvbW1pdC8yOWNiNWViZjM5ZDU5ZDFjMzk3MTM2YzFlYzc3MmQ2OTk1YmE2ZTg5">29cb5eb<i class="fa fa-external-link-alt"></i></span>)</li><li>Update addthis share (<span class="exturl" data-url="aHR0cHM6Ly9naXRodWIuY29tL25leHQtdGhlbWUvaGV4by10aGVtZS1uZXh0L2NvbW1pdC80YjQxNzYyOWQxMzg0NWUxYTk0MzIwNWM5MjFkNDRhMmQ2ZDY3NjI2">4b41762<i class="fa fa-external-link-alt"></i></span>)</li></ul><h3 id="🌀-External-Changes"><a href="#🌀-External-Changes" class="headerlink" title="🌀 External Changes"></a>🌀 External Changes</h3><ul><li>Add CodeQL workflow for GitHub code scanning by @lgtm-com in <span class="exturl" data-url="aHR0cHM6Ly9naXRodWIuY29tL25leHQtdGhlbWUvaGV4by10aGVtZS1uZXh0L3B1bGwvNTkw">https://github.com/next-theme/hexo-theme-next/pull/590<i class="fa fa-external-link-alt"></i></span></li><li>Update dependency eslint to v8.28.0 by @renovate in <span class="exturl" data-url="aHR0cHM6Ly9naXRodWIuY29tL25leHQtdGhlbWUvaGV4by10aGVtZS1uZXh0L3B1bGwvNTg1">https://github.com/next-theme/hexo-theme-next/pull/585<i class="fa fa-external-link-alt"></i></span></li><li>Update dependency chai to v4.3.7 by @renovate in <span class="exturl" data-url="aHR0cHM6Ly9naXRodWIuY29tL25leHQtdGhlbWUvaGV4by10aGVtZS1uZXh0L3B1bGwvNTg4">https://github.com/next-theme/hexo-theme-next/pull/588<i class="fa fa-external-link-alt"></i></span></li><li>Migrate to stylelint (<span class="exturl" data-url="aHR0cHM6Ly9naXRodWIuY29tL25leHQtdGhlbWUvaGV4by10aGVtZS1uZXh0L2NvbW1pdC8zNzYzZTBkNTg4M2MwZDA3NDIzZjFhMDE2NjU3M2Y1YjgyNzFiZTU3">3763e0d<i class="fa fa-external-link-alt"></i></span>)</li></ul><h3 id="📖-Documentation"><a href="#📖-Documentation" class="headerlink" title="📖 Documentation"></a>📖 Documentation</h3><ul><li>Add license scan report and status by @fossabot in <span class="exturl" data-url="aHR0cHM6Ly9naXRodWIuY29tL25leHQtdGhlbWUvaGV4by10aGVtZS1uZXh0L3B1bGwvNTk0">https://github.com/next-theme/hexo-theme-next/pull/594<i class="fa fa-external-link-alt"></i></span></li><li>Update darkmode README (<span class="exturl" data-url="aHR0cHM6Ly9naXRodWIuY29tL25leHQtdGhlbWUvaGV4by10aGVtZS1uZXh0L2NvbW1pdC9kNjg2ODkwN2VjYjBkZjkxYjYwNmE2NzI2Y2ZhMmMzYzA0YWJiZDY4">d686890<i class="fa fa-external-link-alt"></i></span>)</li></ul><h3 id="🌍-Localization"><a href="#🌍-Localization" class="headerlink" title="🌍 Localization"></a>🌍 Localization</h3><ul><li>New Crowdin updates by @stevenjoezhang in <span class="exturl" data-url="aHR0cHM6Ly9naXRodWIuY29tL25leHQtdGhlbWUvaGV4by10aGVtZS1uZXh0L3B1bGwvNTg2">https://github.com/next-theme/hexo-theme-next/pull/586<i class="fa fa-external-link-alt"></i></span></li></ul><h2 id="New-Contributors"><a href="#New-Contributors" class="headerlink" title="New Contributors"></a>New Contributors</h2><ul><li>@lgtm-com made their first contribution in <span class="exturl" data-url="aHR0cHM6Ly9naXRodWIuY29tL25leHQtdGhlbWUvaGV4by10aGVtZS1uZXh0L3B1bGwvNTkw">https://github.com/next-theme/hexo-theme-next/pull/590<i class="fa fa-external-link-alt"></i></span></li><li>@fossabot made their first contribution in <span class="exturl" data-url="aHR0cHM6Ly9naXRodWIuY29tL25leHQtdGhlbWUvaGV4by10aGVtZS1uZXh0L3B1bGwvNTk0">https://github.com/next-theme/hexo-theme-next/pull/594<i class="fa fa-external-link-alt"></i></span></li></ul><p><strong>Full Changelog</strong>: <span class="exturl" data-url="aHR0cHM6Ly9naXRodWIuY29tL25leHQtdGhlbWUvaGV4by10aGVtZS1uZXh0L2NvbXBhcmUvdjguMTMuMi4uLnY4LjE0LjA=">https://github.com/next-theme/hexo-theme-next/compare/v8.13.2...v8.14.0<i class="fa fa-external-link-alt"></i></span></p><p><span class="exturl" data-url="aHR0cHM6Ly9naXRodWIuY29tL25leHQtdGhlbWUvaGV4by10aGVtZS1uZXh0L3JlbGVhc2VzL3RhZy92OC4xNC4w">Detailed changes for NexT v8.14.0<i class="fa fa-external-link-alt"></i></span></p>]]></content>
    
    
      
      
    <summary type="html">&lt;!-- Release notes generated using configuration in .github/release.yml at v8.14.0 --&gt;

&lt;h2 id=&quot;What-s-Changed&quot;&gt;&lt;a href=&quot;#What-s-Changed&quot; cl</summary>
      
    
    
    
    
  </entry>
  
  <entry>
    <title>NexT 8.13.2 Released</title>
    <link href="https://theme-next.js.org/next-8-13-2-released/"/>
    <id>https://theme-next.js.org/next-8-13-2-released/</id>
    <published>2022-11-03T02:26:55.000Z</published>
    <updated>2024-10-10T02:57:20.727Z</updated>
    
    <content type="html"><![CDATA[<!-- Release notes generated using configuration in .github/release.yml at v8.13.2 --><h2 id="What-s-Changed"><a href="#What-s-Changed" class="headerlink" title="What&#39;s Changed"></a>What&#39;s Changed</h2><h3 id="⭐-Features"><a href="#⭐-Features" class="headerlink" title="⭐ Features"></a>⭐ Features</h3><ul><li>Add preload tag for main.css by @njzjz in <span class="exturl" data-url="aHR0cHM6Ly9naXRodWIuY29tL25leHQtdGhlbWUvaGV4by10aGVtZS1uZXh0L3B1bGwvNTc3">https://github.com/next-theme/hexo-theme-next/pull/577<i class="fa fa-external-link-alt"></i></span></li><li>Show follow-me qrcode image in current page instead of open new tab (<span class="exturl" data-url="aHR0cHM6Ly9naXRodWIuY29tL25leHQtdGhlbWUvaGV4by10aGVtZS1uZXh0L2NvbW1pdC9jMTA4Yzk2YTQ0ZmJiOWM1YzdjMTdkZTRjYzBiOGRhNWM0MjA3MmNk">c108c96<i class="fa fa-external-link-alt"></i></span>)</li></ul><h3 id="🛠-Improvements"><a href="#🛠-Improvements" class="headerlink" title="🛠 Improvements"></a>🛠 Improvements</h3><ul><li>Mitigate DOM reflow with wrapTableWithBox by @stevenjoezhang in <span class="exturl" data-url="aHR0cHM6Ly9naXRodWIuY29tL25leHQtdGhlbWUvaGV4by10aGVtZS1uZXh0L3B1bGwvNTgz">https://github.com/next-theme/hexo-theme-next/pull/583<i class="fa fa-external-link-alt"></i></span></li><li>Fix darkmode gitalk color (<span class="exturl" data-url="aHR0cHM6Ly9naXRodWIuY29tL25leHQtdGhlbWUvaGV4by10aGVtZS1uZXh0L2NvbW1pdC8zNzgyMTkyZGZiZDVkYzRiNDExMGU5YmViNzQwODAwZmUwYWY5MDM3">3782192<i class="fa fa-external-link-alt"></i></span>)</li></ul><h3 id="🌀-External-Changes"><a href="#🌀-External-Changes" class="headerlink" title="🌀 External Changes"></a>🌀 External Changes</h3><ul><li>New action Pull Request Reminder by @stevenjoezhang in <span class="exturl" data-url="aHR0cHM6Ly9naXRodWIuY29tL25leHQtdGhlbWUvaGV4by10aGVtZS1uZXh0L3B1bGwvMjgz">https://github.com/next-theme/hexo-theme-next/pull/283<i class="fa fa-external-link-alt"></i></span></li><li>Update dependency hexo-renderer-marked to v6 by @renovate in <span class="exturl" data-url="aHR0cHM6Ly9naXRodWIuY29tL25leHQtdGhlbWUvaGV4by10aGVtZS1uZXh0L3B1bGwvNTc0">https://github.com/next-theme/hexo-theme-next/pull/574<i class="fa fa-external-link-alt"></i></span></li><li>Update dependency eslint to v8.26.0 by @renovate in <span class="exturl" data-url="aHR0cHM6Ly9naXRodWIuY29tL25leHQtdGhlbWUvaGV4by10aGVtZS1uZXh0L3B1bGwvNTc1">https://github.com/next-theme/hexo-theme-next/pull/575<i class="fa fa-external-link-alt"></i></span></li><li>Update dependency mocha to v10.1.0 by @renovate in <span class="exturl" data-url="aHR0cHM6Ly9naXRodWIuY29tL25leHQtdGhlbWUvaGV4by10aGVtZS1uZXh0L3B1bGwvNTc4">https://github.com/next-theme/hexo-theme-next/pull/578<i class="fa fa-external-link-alt"></i></span></li></ul><p><strong>Full Changelog</strong>: <span class="exturl" data-url="aHR0cHM6Ly9naXRodWIuY29tL25leHQtdGhlbWUvaGV4by10aGVtZS1uZXh0L2NvbXBhcmUvdjguMTMuMS4uLnY4LjEzLjI=">https://github.com/next-theme/hexo-theme-next/compare/v8.13.1...v8.13.2<i class="fa fa-external-link-alt"></i></span></p><p><span class="exturl" data-url="aHR0cHM6Ly9naXRodWIuY29tL25leHQtdGhlbWUvaGV4by10aGVtZS1uZXh0L3JlbGVhc2VzL3RhZy92OC4xMy4y">Detailed changes for NexT v8.13.2<i class="fa fa-external-link-alt"></i></span></p>]]></content>
    
    
      
      
    <summary type="html">&lt;!-- Release notes generated using configuration in .github/release.yml at v8.13.2 --&gt;

&lt;h2 id=&quot;What-s-Changed&quot;&gt;&lt;a href=&quot;#What-s-Changed&quot; cl</summary>
      
    
    
    
    
  </entry>
  
  <entry>
    <title>NexT 8.13.1 Released</title>
    <link href="https://theme-next.js.org/next-8-13-1-released/"/>
    <id>https://theme-next.js.org/next-8-13-1-released/</id>
    <published>2022-10-03T16:25:10.000Z</published>
    <updated>2024-10-10T02:57:20.727Z</updated>
    
    <content type="html"><![CDATA[<!-- Release notes generated using configuration in .github/release.yml at v8.13.1 --><h2 id="What-s-Changed"><a href="#What-s-Changed" class="headerlink" title="What&#39;s Changed"></a>What&#39;s Changed</h2><h3 id="⭐-Features"><a href="#⭐-Features" class="headerlink" title="⭐ Features"></a>⭐ Features</h3><ul><li>Add changyan count configuration by @yanickxia in <span class="exturl" data-url="aHR0cHM6Ly9naXRodWIuY29tL25leHQtdGhlbWUvaGV4by10aGVtZS1uZXh0L3B1bGwvNTcw">https://github.com/next-theme/hexo-theme-next/pull/570<i class="fa fa-external-link-alt"></i></span><figure class="highlight diff"><table><tr><td class="code"><pre><span class="line">changyan:</span><br><span class="line"><span class="addition">+  # Show comments count</span></span><br><span class="line"><span class="addition">+  count: true</span></span><br></pre></td></tr></table></figure></li></ul><h3 id="🌀-External-Changes"><a href="#🌀-External-Changes" class="headerlink" title="🌀 External Changes"></a>🌀 External Changes</h3><ul><li>Update dependency hexo to v6.3.0 by @renovate in <span class="exturl" data-url="aHR0cHM6Ly9naXRodWIuY29tL25leHQtdGhlbWUvaGV4by10aGVtZS1uZXh0L3B1bGwvNTY2">https://github.com/next-theme/hexo-theme-next/pull/566<i class="fa fa-external-link-alt"></i></span></li><li>Update dependency eslint to v8.24.0 by @renovate in <span class="exturl" data-url="aHR0cHM6Ly9naXRodWIuY29tL25leHQtdGhlbWUvaGV4by10aGVtZS1uZXh0L3B1bGwvNTY3">https://github.com/next-theme/hexo-theme-next/pull/567<i class="fa fa-external-link-alt"></i></span></li></ul><h2 id="New-Contributors"><a href="#New-Contributors" class="headerlink" title="New Contributors"></a>New Contributors</h2><ul><li>@yanickxia made their first contribution in <span class="exturl" data-url="aHR0cHM6Ly9naXRodWIuY29tL25leHQtdGhlbWUvaGV4by10aGVtZS1uZXh0L3B1bGwvNTcw">https://github.com/next-theme/hexo-theme-next/pull/570<i class="fa fa-external-link-alt"></i></span></li></ul><p><strong>Full Changelog</strong>: <span class="exturl" data-url="aHR0cHM6Ly9naXRodWIuY29tL25leHQtdGhlbWUvaGV4by10aGVtZS1uZXh0L2NvbXBhcmUvdjguMTMuMC4uLnY4LjEzLjE=">https://github.com/next-theme/hexo-theme-next/compare/v8.13.0...v8.13.1<i class="fa fa-external-link-alt"></i></span></p><p><span class="exturl" data-url="aHR0cHM6Ly9naXRodWIuY29tL25leHQtdGhlbWUvaGV4by10aGVtZS1uZXh0L3JlbGVhc2VzL3RhZy92OC4xMy4x">Detailed changes for NexT v8.13.1<i class="fa fa-external-link-alt"></i></span></p>]]></content>
    
    
      
      
    <summary type="html">&lt;!-- Release notes generated using configuration in .github/release.yml at v8.13.1 --&gt;

&lt;h2 id=&quot;What-s-Changed&quot;&gt;&lt;a href=&quot;#What-s-Changed&quot; cl</summary>
      
    
    
    
    
  </entry>
  
  <entry>
    <title>NexT 8.13.0 Released</title>
    <link href="https://theme-next.js.org/next-8-13-0-released/"/>
    <id>https://theme-next.js.org/next-8-13-0-released/</id>
    <published>2022-09-10T16:03:39.000Z</published>
    <updated>2024-10-10T02:57:20.727Z</updated>
    
    <content type="html"><![CDATA[<!-- Release notes generated using configuration in .github/release.yml at v8.13.0 --><h2 id="What-s-Changed"><a href="#What-s-Changed" class="headerlink" title="What&#39;s Changed"></a>What&#39;s Changed</h2><h3 id="🌟-New-Features"><a href="#🌟-New-Features" class="headerlink" title="🌟 New Features"></a>🌟 New Features</h3><ul><li>Add matomo as an analytics provider by @foliet in <span class="exturl" data-url="aHR0cHM6Ly9naXRodWIuY29tL25leHQtdGhlbWUvaGV4by10aGVtZS1uZXh0L3B1bGwvNTUz">https://github.com/next-theme/hexo-theme-next/pull/553<i class="fa fa-external-link-alt"></i></span><figure class="highlight diff"><table><tr><td class="code"><pre><span class="line"><span class="addition">+# Matomo Analytics</span></span><br><span class="line"><span class="addition">+# See: https://matomo.org/</span></span><br><span class="line"><span class="addition">+matomo:</span></span><br><span class="line"><span class="addition">+  enable: false</span></span><br><span class="line"><span class="addition">+  server_url: # https://www.example.com/</span></span><br><span class="line"><span class="addition">+  site_id: # &lt;your site id&gt;</span></span><br></pre></td></tr></table></figure></li></ul><h3 id="⭐-Features"><a href="#⭐-Features" class="headerlink" title="⭐ Features"></a>⭐ Features</h3><ul><li>Upgrade to disqusjs@3 by @stevenjoezhang in <span class="exturl" data-url="aHR0cHM6Ly9naXRodWIuY29tL25leHQtdGhlbWUvaGV4by10aGVtZS1uZXh0L3B1bGwvNTI5">https://github.com/next-theme/hexo-theme-next/pull/529<i class="fa fa-external-link-alt"></i></span></li></ul><h3 id="🐞-Bug-Fixes"><a href="#🐞-Bug-Fixes" class="headerlink" title="🐞 Bug Fixes"></a>🐞 Bug Fixes</h3><ul><li>Fix server_url for lean-analytics by @stevenjoezhang in <span class="exturl" data-url="aHR0cHM6Ly9naXRodWIuY29tL25leHQtdGhlbWUvaGV4by10aGVtZS1uZXh0L3B1bGwvNTU1">https://github.com/next-theme/hexo-theme-next/pull/555<i class="fa fa-external-link-alt"></i></span></li></ul><h3 id="🌀-External-Changes"><a href="#🌀-External-Changes" class="headerlink" title="🌀 External Changes"></a>🌀 External Changes</h3><ul><li>Update dependency eslint to v8.23.0 by @renovate in <span class="exturl" data-url="aHR0cHM6Ly9naXRodWIuY29tL25leHQtdGhlbWUvaGV4by10aGVtZS1uZXh0L3B1bGwvNTUy">https://github.com/next-theme/hexo-theme-next/pull/552<i class="fa fa-external-link-alt"></i></span></li><li>Replace nyc with c8 (<span class="exturl" data-url="aHR0cHM6Ly9naXRodWIuY29tL25leHQtdGhlbWUvaGV4by10aGVtZS1uZXh0L2NvbW1pdC9hYWNjNDgzZmMyYjRiYWFhMmYwMWU4MzYxZTZmNjgzM2RlNDU0OTA0">aacc483<i class="fa fa-external-link-alt"></i></span>)</li></ul><h2 id="New-Contributors"><a href="#New-Contributors" class="headerlink" title="New Contributors"></a>New Contributors</h2><ul><li>@foliet made their first contribution in <span class="exturl" data-url="aHR0cHM6Ly9naXRodWIuY29tL25leHQtdGhlbWUvaGV4by10aGVtZS1uZXh0L3B1bGwvNTUz">https://github.com/next-theme/hexo-theme-next/pull/553<i class="fa fa-external-link-alt"></i></span></li></ul><p><strong>Full Changelog</strong>: <span class="exturl" data-url="aHR0cHM6Ly9naXRodWIuY29tL25leHQtdGhlbWUvaGV4by10aGVtZS1uZXh0L2NvbXBhcmUvdjguMTIuMy4uLnY4LjEzLjA=">https://github.com/next-theme/hexo-theme-next/compare/v8.12.3...v8.13.0<i class="fa fa-external-link-alt"></i></span></p><p><span class="exturl" data-url="aHR0cHM6Ly9naXRodWIuY29tL25leHQtdGhlbWUvaGV4by10aGVtZS1uZXh0L3JlbGVhc2VzL3RhZy92OC4xMy4w">Detailed changes for NexT v8.13.0<i class="fa fa-external-link-alt"></i></span></p>]]></content>
    
    
      
      
    <summary type="html">&lt;!-- Release notes generated using configuration in .github/release.yml at v8.13.0 --&gt;

&lt;h2 id=&quot;What-s-Changed&quot;&gt;&lt;a href=&quot;#What-s-Changed&quot; cl</summary>
      
    
    
    
    
  </entry>
  
  <entry>
    <title>NexT 8.12.3 Released</title>
    <link href="https://theme-next.js.org/next-8-12-3-released/"/>
    <id>https://theme-next.js.org/next-8-12-3-released/</id>
    <published>2022-08-02T03:40:23.000Z</published>
    <updated>2024-10-10T02:57:20.727Z</updated>
    
    <content type="html"><![CDATA[<h2 id="🌀-External-Changes"><a href="#🌀-External-Changes" class="headerlink" title="🌀 External Changes"></a>🌀 External Changes</h2><ul><li>Update dependency eslint to v8.20.0 (<span class="exturl" data-url="aHR0cHM6Ly9naXRodWIuY29tL25leHQtdGhlbWUvaGV4by10aGVtZS1uZXh0L3B1bGwvNTQ1">#545<i class="fa fa-external-link-alt"></i></span>)</li></ul><hr><p>For full changes, see the <span class="exturl" data-url="aHR0cHM6Ly9naXRodWIuY29tL25leHQtdGhlbWUvaGV4by10aGVtZS1uZXh0L2NvbXBhcmUvdjguMTIuMi4uLnY4LjEyLjM=">comparison between v8.12.2 and v8.12.3<i class="fa fa-external-link-alt"></i></span></p><p><span class="exturl" data-url="aHR0cHM6Ly9naXRodWIuY29tL25leHQtdGhlbWUvaGV4by10aGVtZS1uZXh0L3JlbGVhc2VzL3RhZy92OC4xMi4z">Detailed changes for NexT v8.12.3<i class="fa fa-external-link-alt"></i></span></p>]]></content>
    
    
      
      
    <summary type="html">&lt;h2 id=&quot;🌀-External-Changes&quot;&gt;&lt;a href=&quot;#🌀-External-Changes&quot; class=&quot;headerlink&quot; title=&quot;🌀 External Changes&quot;&gt;&lt;/a&gt;🌀 External Changes&lt;/h2&gt;&lt;ul&gt;
</summary>
      
    
    
    
    
  </entry>
  
  <entry>
    <title>NexT 8.12.2 Released</title>
    <link href="https://theme-next.js.org/next-8-12-2-released/"/>
    <id>https://theme-next.js.org/next-8-12-2-released/</id>
    <published>2022-07-05T15:41:43.000Z</published>
    <updated>2024-10-10T02:57:20.727Z</updated>
    
    <content type="html"><![CDATA[<h2 id="🌀-External-Changes"><a href="#🌀-External-Changes" class="headerlink" title="🌀 External Changes"></a>🌀 External Changes</h2><ul><li>Update actions&#x2F;setup-python action to v4 (<span class="exturl" data-url="aHR0cHM6Ly9naXRodWIuY29tL25leHQtdGhlbWUvaGV4by10aGVtZS1uZXh0L3B1bGwvNTMx">#531<i class="fa fa-external-link-alt"></i></span>)</li><li>Update dependency eslint to v8.19.0 (<span class="exturl" data-url="aHR0cHM6Ly9naXRodWIuY29tL25leHQtdGhlbWUvaGV4by10aGVtZS1uZXh0L3B1bGwvNTMw">#530<i class="fa fa-external-link-alt"></i></span>)</li></ul><hr><p>For full changes, see the <span class="exturl" data-url="aHR0cHM6Ly9naXRodWIuY29tL25leHQtdGhlbWUvaGV4by10aGVtZS1uZXh0L2NvbXBhcmUvdjguMTIuMS4uLnY4LjEyLjI=">comparison between v8.12.1 and v8.12.2<i class="fa fa-external-link-alt"></i></span></p><p><span class="exturl" data-url="aHR0cHM6Ly9naXRodWIuY29tL25leHQtdGhlbWUvaGV4by10aGVtZS1uZXh0L3JlbGVhc2VzL3RhZy92OC4xMi4y">Detailed changes for NexT v8.12.2<i class="fa fa-external-link-alt"></i></span></p>]]></content>
    
    
      
      
    <summary type="html">&lt;h2 id=&quot;🌀-External-Changes&quot;&gt;&lt;a href=&quot;#🌀-External-Changes&quot; class=&quot;headerlink&quot; title=&quot;🌀 External Changes&quot;&gt;&lt;/a&gt;🌀 External Changes&lt;/h2&gt;&lt;ul&gt;
</summary>
      
    
    
    
    
  </entry>
  
</feed>
